product_id,product_name,category,price,quality_flag
PROD-001,Profit-focused national protocol,Electronics,17.38,valid
PROD-002,Multi-tiered optimizing function,Home,126.22,valid
PROD-003,Upgradable incremental system engine,Clothing,369.55,valid
PROD-004,Upgradable background benchmark,Books,48.03,valid
PROD-005,Sharable object-oriented time-frame,Sports,20.73,valid
PROD-006,Monitored client-server flexibility,Electronics,113.23,valid
PROD-007,User-friendly demand-driven synergy,Books,303.0,valid
PROD-008,Object-based tangible function,Books,103.42,valid
PROD-009,Adaptive composite matrix,Books,212.66,valid
PROD-010,Adaptive bandwidth-monitored architecture,Sports,296.69,valid
PROD-011,Vision-oriented tangible instruction set,Electronics,380.61,valid
PROD-012,Progressive intangible projection,Clothing,350.58,valid
PROD-013,Horizontal upward-trending Internet solution,Home,142.55,valid
PROD-014,Down-sized context-sensitive hub,Clothing,478.82,valid
PROD-015,Enterprise-wide tertiary challenge,Home,55.59,valid
PROD-016,Exclusive mobile contingency,Sports,52.87,valid
PROD-017,Profit-focused bifurcated knowledge user,Home,303.84,valid
PROD-018,Re-contextualized didactic contingency,Electronics,366.22,valid
PROD-019,Exclusive analyzing synergy,Books,66.79,valid
PROD-020,Enterprise-wide well-modulated core,Sports,44.01,valid
PROD-021,Fundamental incremental intranet,Home,415.56,valid
PROD-022,Self-enabling regional benchmark,Books,443.3,valid
PROD-023,Sharable composite artificial intelligence,Home,290.79,valid
PROD-024,Implemented attitude-oriented implementation,Electronics,27.68,valid
PROD-025,Decentralized even-keeled architecture,Clothing,387.67,valid
PROD-026,Mandatory 4thgeneration paradigm,Electronics,428.38,valid
PROD-027,Front-line mission-critical matrix,Electronics,193.16,valid
PROD-028,Synergistic well-modulated attitude,Sports,319.66,valid
PROD-029,Advanced analyzing flexibility,Home,85.51,valid
PROD-030,Versatile 24hour secured line,Home,108.71,valid
PROD-032,Extended multi-state utilization,Electronics,306.52,valid
PROD-033,Adaptive homogeneous portal,Clothing,269.4,valid
PROD-034,Programmable well-modulated flexibility,Clothing,85.88,valid
PROD-035,Pre-emptive methodical system engine,Sports,138.62,valid
PROD-036,Mandatory real-time interface,Books,113.71,valid
PROD-037,Mandatory holistic software,Home,422.21,valid
PROD-038,Mandatory foreground encoding,Electronics,118.38,valid
PROD-039,Multi-lateral static initiative,Electronics,403.5,valid
PROD-040,Multi-tiered reciprocal approach,Sports,137.53,valid
PROD-041,Multi-channeled full-range workforce,Clothing,457.0,valid
PROD-042,Cross-platform 24hour knowledgebase,Books,438.8,valid
PROD-043,Total impactful success,Home,110.25,valid
PROD-044,Devolved 4thgeneration portal,Sports,200.84,valid
PROD-045,Decentralized multi-tasking focus group,Sports,75.72,valid
PROD-046,Total web-enabled encryption,Clothing,127.08,valid
PROD-047,Multi-layered local process improvement,Books,271.79,valid
PROD-048,Synergized stable leverage,Books,217.07,valid
PROD-049,Profound incremental protocol,Books,202.7,valid
PROD-050,Ergonomic 24hour productivity,Clothing,498.68,valid
PROD-051,Inverse 3rdgeneration productivity,Clothing,257.22,valid
PROD-052,Multi-lateral 6thgeneration workforce,Electronics,379.11,valid
PROD-053,User-centric fresh-thinking service-desk,Electronics,80.66,valid
PROD-054,Organic discrete portal,Clothing,397.08,valid
PROD-055,Pre-emptive impactful support,Sports,300.22,valid
PROD-056,Seamless attitude-oriented hardware,Sports,193.9,valid
PROD-057,Optimized methodical protocol,Sports,266.91,valid
PROD-058,Total bandwidth-monitored superstructure,Books,431.09,valid
PROD-059,Networked explicit portal,Electronics,341.74,valid
PROD-060,Ergonomic transitional circuit,Electronics,342.45,valid
PROD-061,Programmable object-oriented toolset,Books,376.68,valid
PROD-062,Universal motivating alliance,Home,60.22,valid
PROD-063,De-engineered modular utilization,Sports,83.29,valid
PROD-064,Cross-group exuding service-desk,Electronics,477.14,valid
PROD-065,Reactive maximized concept,Home,486.08,valid
PROD-066,Organized bifurcated matrices,Clothing,256.3,valid
PROD-067,Switchable needs-based encoding,Electronics,435.91,valid
PROD-068,Fully-configurable didactic concept,Home,421.63,valid
PROD-069,Versatile stable standardization,Books,306.44,valid
PROD-070,Cross-group bi-directional Internet solution,Clothing,190.09,valid
PROD-071,Universal 4thgeneration complexity,Clothing,271.99,valid
PROD-072,Inverse human-resource throughput,Books,459.65,valid
PROD-073,Grass-roots directional success,Books,165.46,valid
PROD-074,Function-based static leverage,Electronics,60.37,valid
PROD-075,Synchronized bottom-line secured line,Home,439.97,valid
PROD-076,Devolved national productivity,Home,123.53,valid
PROD-077,Up-sized mobile array,Clothing,439.61,valid
PROD-078,Team-oriented full-range definition,Electronics,47.4,valid
PROD-079,Re-engineered zero administration policy,Sports,408.93,valid
PROD-080,Cloned secondary Graphical User Interface,Books,384.09,valid
PROD-081,Multi-tiered transitional synergy,Clothing,331.58,valid
PROD-082,User-centric uniform implementation,Books,86.74,valid
PROD-083,Streamlined secondary toolset,Books,436.85,valid
PROD-085,Focused directional firmware,Books,378.86,valid
PROD-086,Customizable explicit array,Clothing,357.91,valid
PROD-087,Customizable background Graphical User Interface,Sports,497.6,valid
PROD-088,User-centric optimizing core,Home,221.86,valid
PROD-089,User-friendly bifurcated orchestration,Books,228.49,valid
PROD-090,Multi-layered clear-thinking functionalities,Clothing,116.23,valid
PROD-091,Multi-tiered object-oriented support,Home,15.41,valid
PROD-092,Adaptive fault-tolerant approach,Books,118.91,valid
PROD-093,Reverse-engineered national core,Clothing,8.56,valid
PROD-094,Networked interactive functionalities,Electronics,118.33,valid
PROD-095,Visionary high-level website,Electronics,430.52,valid
PROD-096,Synergistic clear-thinking model,Electronics,259.51,valid
PROD-097,Switchable real-time parallelism,Home,336.14,valid
PROD-098,Face-to-face bi-directional infrastructure,Clothing,271.92,valid
PROD-099,Advanced national knowledgebase,Books,290.22,valid
PROD-100,Intuitive client-server frame,Clothing,393.39,valid
