customer_id,name,email,country,created_at
CUST-0001,Allison Hill,donaldgarcia@example.net,Uganda,2025-11-03 22:55:29
CUST-0002,Javier Johnson,jesseguzman@example.net,Congo,2026-04-15 07:38:04
CUST-0003,Jennifer Cole,lisa02@example.net,Jamaica,2024-12-20 07:38:43
CUST-0004,Daniel Gallagher,daviscolin@example.com,Netherlands,2024-08-24 16:14:21
CUST-0005,Monica Herrera,smiller@example.net,Niger,2025-01-22 12:55:03
CUST-0006,Michele Williams,kendragalloway@example.org,Tonga,2023-12-14 15:47:34
CUST-0007,Jesse Flowers,,Reunion,2026-06-06 14:41:26
CUST-0008,Lisa Jackson,frankgray@example.net,Portugal,2025-11-21 22:46:41
CUST-0009,Frederick Tate,perezantonio@example.com,Iran,2024-08-29 16:17:24
CUST-0010,Thomas Bradley,jason76@example.net,Kuwait,2024-02-17 16:49:32
CUST-0011,David Hoffman,julie69@example.com,Guyana,2024-06-15 11:03:25
CUST-0012,Brenda Snyder PhD,hernandezernest@example.net,Jamaica,2026-01-22 05:55:37
CUST-0013,James Ferrell,tasha01@example.net,Turks and Caicos Islands,2025-10-21 21:53:29
CUST-0014,Patricia Peterson,ryan70@example.net,Turkey,2024-08-22 22:02:31
CUST-0015,Pamela Romero,harrellkenneth@example.net,Madagascar,2026-02-10 18:14:30
CUST-0016,James Martin,georgetracy@example.org,Vanuatu,2025-01-24 15:05:25
CUST-0017,Sandra Parker,allenashley@example.org,Belize,2025-08-03 17:13:27
CUST-0018,Vanessa Patel,davidalvarez@example.net,Chad,2024-08-25 12:12:50
CUST-0019,Lisa Brandt,jenniferross@example.net,Pakistan,2025-02-09 20:18:43
CUST-0020,Joseph Martinez,calebsmith@example.net,Denmark,2026-01-09 20:49:27
CUST-0021,Benjamin Welch,carlosjohnson@example.com,Barbados,2025-09-16 11:18:58
CUST-0022,Michael Lewis,jenniferkhan@example.net,Lebanon,2024-07-22 05:46:49
CUST-0023,Rhonda Lee,hopkinsmichael@example.com,Lao People's Democratic Republic,2023-10-02 21:50:05
CUST-0024,Victoria Garcia,zchandler@example.org,Egypt,2024-05-03 09:10:56
CUST-0025,Jerry Henderson,steven17@example.net,Bolivia,2023-09-27 08:15:22
CUST-0026,Kimberly Smith,housemelinda@example.org,Ireland,2025-08-03 04:12:00
CUST-0027,Dr. Steven Martin,gallowayjoseph@example.com,France,2025-04-27 21:02:55
CUST-0028,Monica Logan,smoore@example.org,Azerbaijan,2025-12-26 11:35:34
CUST-0029,Amy Edwards,silvawesley@example.net,Cayman Islands,2023-10-07 02:48:39
CUST-0030,Angela Lopez,leonardjoe@example.org,Western Sahara,2025-12-11 17:13:31
CUST-0031,Kristopher Harvey,ksandoval@example.net,Germany,2024-08-18 20:14:11
CUST-0032,Mike Allen,panderson@example.com,Kuwait,2024-11-12 22:07:36
CUST-0033,Taylor Smith,jonesjason@example.com,Bulgaria,2025-01-02 22:10:44
CUST-0034,Sherry Wood,samueldaniels@example.com,New Zealand,2026-04-21 16:11:27
CUST-0035,Mary Spencer,mcmillandennis@example.org,Tuvalu,2023-12-24 00:46:37
CUST-0036,Brittney Campbell,jenniferharris@example.net,Timor-Leste,2024-08-23 20:13:11
CUST-0037,Danielle Odonnell,davisrodney@example.com,Aruba,2023-07-16 06:22:46
CUST-0038,Carlos Whitney,joycearnold@example.com,Monaco,2023-07-25 18:41:57
CUST-0039,Tony Vazquez,amydavenport@example.net,Micronesia,2024-02-25 19:31:23
CUST-0040,Andrew Diaz,nolanjason@example.org,Papua New Guinea,2023-12-17 10:36:38
CUST-0041,Justin Baxter,sarayoung@example.org,South Georgia and the South Sandwich Islands,2024-04-10 19:10:38
CUST-0042,Allison Doyle,kimberly63@example.com,Cayman Islands,2026-07-04 03:43:57
CUST-0043,Shane Garrison,jamessellers@example.com,Gambia,2024-06-28 07:33:41
CUST-0044,Matthew Ross,michelle45@example.net,Malawi,2025-03-22 15:16:36
CUST-0045,Sarah Rivera,wilsontara@example.org,Mozambique,2024-08-26 03:29:24
CUST-0046,Kyle Reed,samuel81@example.com,United Arab Emirates,2025-12-22 10:56:49
CUST-0047,Andrew Graham,michaeljones@example.net,Uruguay,2024-12-04 16:56:10
CUST-0048,Mary Martinez,william65@example.com,Qatar,2024-10-12 01:00:41
CUST-0049,Cheryl Ortega,lbyrd@example.net,Montenegro,2024-10-20 06:24:40
CUST-0050,Roy Torres,,Gibraltar,2025-07-02 02:12:10
CUST-0051,Michael Dixon,donnacampbell@example.net,North Macedonia,2026-02-26 17:54:10
CUST-0052,Robert Potter,jeffrey32@example.org,Aruba,2024-07-25 02:34:41
CUST-0053,Miss Patricia Gibson,jennifercruz@example.com,Ecuador,2024-02-25 00:02:42
CUST-0054,Abigail Potter,osbornejeffery@example.net,Maldives,2025-07-01 09:51:42
CUST-0055,David Charles,danderson@example.net,Marshall Islands,2025-11-25 00:25:54
CUST-0056,Tiffany Vance,jrivas@example.com,Ukraine,2024-03-14 00:01:24
CUST-0057,Karen Green,maryramirez@example.net,Libyan Arab Jamahiriya,2026-03-10 09:03:43
CUST-0058,Jeremiah Reeves,josephflores@example.net,Belgium,2024-02-10 17:08:44
CUST-0059,James Hernandez,calebrussell@example.net,Lao People's Democratic Republic,2025-04-16 15:22:25
CUST-0060,Ross Price,gateskathy@example.com,Lesotho,2023-07-19 22:00:30
CUST-0061,Elizabeth Price,vmedina@example.net,South Georgia and the South Sandwich Islands,2026-02-01 21:04:23
CUST-0062,Katherine Nelson,vjohnson@example.net,Philippines,2025-03-29 20:12:16
CUST-0063,Sara Calhoun,meadowsbrittany@example.net,Anguilla,2023-11-18 03:58:29
CUST-0064,Brandy Murray,greenmark@example.com,Greece,2024-12-16 01:07:08
CUST-0065,Jamie Walton,fking@example.com,Andorra,2025-10-25 17:11:11
CUST-0066,Trevor Walker,harringtondenise@example.org,Zambia,2024-07-28 21:34:35
CUST-0067,Alex Hernandez,thomaswilson@example.org,Lao People's Democratic Republic,2026-07-01 08:07:51
CUST-0068,Jacob Obrien,stricklandfrank@example.com,Botswana,2025-12-25 17:07:02
CUST-0069,Eric Byrd,tsanders@example.org,Belarus,2026-01-15 13:11:41
CUST-0070,Lori Garcia,melissa91@example.net,Slovenia,2023-09-12 13:21:17
CUST-0071,Jeffrey Wood,alexander67@example.org,Jersey,2025-01-23 09:32:07
CUST-0072,Sandra Zimmerman,hthompson@example.net,Faroe Islands,2026-02-21 13:03:48
CUST-0073,Kimberly Webb,lpetersen@example.com,Gibraltar,2024-07-26 02:54:35
CUST-0074,Angelica Keith,karenhudson@example.net,Hong Kong,2024-12-14 07:57:42
CUST-0075,Samuel White,michaelgreen@example.com,Turkmenistan,2026-01-21 20:27:22
CUST-0076,Desiree Smith,christophercortez@example.com,Moldova,2024-07-18 02:06:44
CUST-0077,Maria Henry,davisjeffrey@example.net,Ecuador,2024-10-28 10:22:29
CUST-0078,Jackie Tran,ronald85@example.com,Reunion,2025-06-14 15:02:10
CUST-0079,David Martinez,leslienewton@example.net,Colombia,2024-05-03 07:21:06
CUST-0080,John Hardy,tina34@example.org,Guyana,2024-04-14 12:15:08
CUST-0081,Michael Martinez,mccannangela@example.net,Western Sahara,2024-01-22 22:13:38
CUST-0082,Nicole Garcia,andrewstaylor@example.com,Guam,2024-04-22 03:45:44
CUST-0083,Dawn Hensley,shortrichard@example.org,Morocco,2026-03-14 13:37:24
CUST-0084,Brittany Shepherd,christopher31@example.net,Serbia,2025-04-17 06:16:43
CUST-0085,Rachel Perez,chayes@example.com,Tokelau,2026-01-09 23:59:38
CUST-0086,Elizabeth Oliver DDS,mezajared@example.org,Estonia,2026-05-01 16:43:56
CUST-0087,David Arnold,aaronhayes@example.net,Latvia,2024-10-05 05:07:12
CUST-0088,Dwayne Campbell,ojones@example.com,Solomon Islands,2026-03-07 18:02:17
CUST-0089,Regina Gonzalez,stephensdeborah@example.com,Sweden,2024-02-16 17:08:23
CUST-0090,Christopher Parker,scott74@example.net,Iraq,2024-09-05 16:15:37
CUST-0091,Katherine Miller,prestonjessica@example.net,El Salvador,2023-08-19 22:29:59
CUST-0092,Vernon Huff,keyemily@example.com,Morocco,2023-09-11 06:07:55
CUST-0093,Casey Stone,lmoon@example.net,Jordan,2026-03-22 20:40:34
CUST-0094,Tracy Harrison,qcook@example.org,Togo,2024-03-16 14:10:18
CUST-0095,Michael Roberts,jcervantes@example.org,Korea,2023-11-24 13:17:37
CUST-0096,Frank Cordova,ahancock@example.net,Trinidad and Tobago,2025-10-30 15:32:31
CUST-0097,Anthony Stone,wgarrett@example.org,Costa Rica,2024-08-28 14:45:53
CUST-0098,Tanya Kim,omartinez@example.net,South Georgia and the South Sandwich Islands,2024-07-16 11:50:33
CUST-0099,Emily Smith,hdavis@example.com,Yemen,2024-01-09 05:38:31
CUST-0100,Brittany Cantu,william46@example.com,Latvia,2024-07-23 09:08:00
CUST-0101,Charles Lee,michellehill@example.com,Guam,2025-09-06 12:01:09
CUST-0102,Aaron Barber,cgrimes@example.net,Liberia,2024-12-27 21:20:23
CUST-0103,Phillip Bennett,molly39@example.com,Djibouti,2025-04-08 20:59:32
CUST-0104,Patrick Thornton,qhughes@example.net,Canada,2025-08-18 05:22:37
CUST-0105,Beth Sanford,,United States Minor Outlying Islands,2025-06-19 13:42:00
CUST-0106,Charles Pitts,charlesharrington@example.com,Guadeloupe,2026-03-04 22:58:52
CUST-0107,Marie Christian,ofinley@example.net,Tuvalu,2025-08-06 18:11:14
CUST-0108,Amanda Jones,wendy16@example.org,Senegal,2026-03-21 06:01:05
CUST-0109,Ashlee Jackson,,French Polynesia,2025-01-17 14:40:07
CUST-0110,Charles Schmidt,georgemiller@example.com,Niger,2026-06-05 23:17:23
CUST-0111,Thomas Thomas,dlittle@example.com,Papua New Guinea,2023-07-25 08:32:53
CUST-0112,Julie Roberts,charleslandry@example.net,French Southern Territories,2026-03-29 07:32:52
CUST-0113,Melissa Bryant,james67@example.org,Dominica,2025-02-22 04:28:41
CUST-0114,Laura Haney,andrew64@example.org,Mongolia,2026-06-10 02:38:41
CUST-0115,Valerie Lozano,swall@example.org,New Caledonia,2025-01-08 01:39:50
CUST-0116,Connor King,courtneyberger@example.net,Armenia,2024-11-01 16:02:21
CUST-0117,Amanda Diaz,christopherphillips@example.net,Israel,2024-04-08 14:31:23
CUST-0118,Richard Walter,alyssa42@example.com,United States Minor Outlying Islands,2025-07-28 06:46:32
CUST-0119,Elizabeth Harrell,mcdonaldcharles@example.org,Tokelau,2026-05-26 09:21:45
CUST-0120,Veronica Coffey,,Mauritania,2024-01-18 17:54:31
CUST-0121,Michael Chambers,xcarson@example.org,Peru,2024-07-07 23:41:56
CUST-0122,Manuel Hahn,rose31@example.net,Swaziland,2025-06-30 23:20:05
CUST-0123,Elizabeth Ortiz,brandonjohnson@example.com,Brazil,2023-12-08 17:46:01
CUST-0124,Joshua Price,ellen86@example.net,Samoa,2024-03-06 19:13:04
CUST-0125,Mary Bass,rcrosby@example.org,Portugal,2025-02-05 08:32:41
CUST-0126,Jeremy Young,cory58@example.net,Guinea-Bissau,2023-10-12 19:39:27
CUST-0127,Colton Martinez,ndavis@example.net,Northern Mariana Islands,2026-01-23 09:24:05
CUST-0128,Amber Cook,kristinharris@example.net,Cote d'Ivoire,2026-01-06 16:07:57
CUST-0129,Sergio Murphy,kristinacarlson@example.com,Togo,2024-02-20 12:32:43
CUST-0130,Ms. Rebecca Rodriguez,andersonmichael@example.org,Namibia,2024-11-24 17:15:42
CUST-0131,Derek Martinez,vfox@example.org,Lebanon,2025-06-06 03:05:52
CUST-0132,Kayla Rodriguez,soniawilliams@example.net,Mali,2024-10-21 07:46:49
CUST-0133,Victor Brown,bboone@example.net,Botswana,2025-08-10 08:44:03
CUST-0134,Jill Lam,,Nigeria,2026-03-20 04:59:51
CUST-0135,Michelle James,shawn96@example.org,South Africa,2026-07-04 22:25:11
CUST-0136,Matthew Rich,russellbeasley@example.com,Guadeloupe,2025-06-14 05:51:04
CUST-0137,Nicholas Edwards,elizabeth52@example.net,Uzbekistan,2025-07-16 12:10:30
CUST-0138,Ronald Davis,garnernathan@example.org,Moldova,2023-10-11 22:26:22
CUST-0139,Kristina Rivera,jenkinsmorgan@example.com,Trinidad and Tobago,2023-09-28 16:14:07
CUST-0140,Lindsay Bell,ericolson@example.org,Guernsey,2025-11-20 21:16:00
CUST-0141,Phillip Andrews,xbruce@example.net,Nicaragua,2026-05-24 07:08:32
CUST-0142,Allison Hickman,anthony44@example.com,Guernsey,2023-07-20 05:49:37
CUST-0143,Charles Sandoval,,Bermuda,2025-10-11 20:00:53
CUST-0144,Jason Peterson,larry59@example.net,Belize,2023-09-30 11:35:09
CUST-0145,Paul Williams,nelsonebony@example.com,New Caledonia,2025-05-27 10:47:18
CUST-0146,Daniel Hunt,russell49@example.com,Malta,2026-05-12 02:41:28
CUST-0147,Daniel Joyce,smithkevin@example.org,Seychelles,2024-02-08 22:40:15
CUST-0148,Donna Wilson,lburgess@example.org,Hong Kong,2025-10-15 02:17:44
CUST-0149,Kathryn Whitaker,charles06@example.org,Kuwait,2023-11-08 17:06:54
CUST-0150,Laura Berry,zroberts@example.org,Greece,2024-04-02 18:04:59
CUST-0151,Lisa Collier,christopher13@example.com,Namibia,2025-03-23 20:02:16
CUST-0152,Jennifer Collins,jeffrey21@example.net,North Macedonia,2024-01-03 21:24:28
CUST-0153,Cheyenne Parsons,jessica23@example.org,Cameroon,2024-08-11 09:22:25
CUST-0154,Lance Wolf,thompsonkendra@example.com,Kyrgyz Republic,2025-12-02 11:46:07
CUST-0155,Joann Glass,michelle52@example.com,Bangladesh,2025-07-08 04:49:54
CUST-0156,Eric Hill,bellcharles@example.com,Korea,2023-09-07 04:17:11
CUST-0157,Ronald Jones,gilbertwilliam@example.com,Mozambique,2025-11-17 20:35:55
CUST-0158,Nancy Williams,marcalvarez@example.org,Bahamas,2025-06-09 14:54:20
CUST-0159,Steven Cooper,wagnergerald@example.org,Russian Federation,2025-05-20 18:59:52
CUST-0160,Kelly Bishop MD,paul59@example.org,Somalia,2026-03-16 19:20:34
CUST-0161,Andrea Davis,umitchell@example.net,United States of America,2026-02-01 00:30:05
CUST-0162,Felicia Aguilar,sabrinacollins@example.net,Qatar,2026-05-04 08:22:28
CUST-0163,Kurt Hurley,angelica52@example.net,Reunion,2026-06-09 12:17:20
CUST-0164,Anna Santiago,andrew42@example.org,Guam,2025-08-04 03:40:50
CUST-0165,Zachary Moore,megan18@example.net,Syrian Arab Republic,2025-10-05 16:42:31
CUST-0166,George Miranda,carlamoore@example.org,Switzerland,2026-06-21 01:20:39
CUST-0167,Rhonda Martin,xwilliams@example.net,Saint Helena,2024-07-13 17:57:15
CUST-0168,Lisa Goodwin,pyoung@example.com,Sudan,2025-07-08 08:21:20
CUST-0169,Cheyenne Gregory,smurray@example.com,Macao,2025-10-07 03:18:46
CUST-0170,Christopher Gonzalez,moniquewilliams@example.com,Tunisia,2025-02-06 09:58:37
CUST-0171,Ashley Singleton,mitchellkathryn@example.com,Korea,2025-09-15 05:21:50
CUST-0172,Jeffrey Potts,lisawilkerson@example.org,Israel,2023-10-01 11:44:50
CUST-0173,James Hughes,brooksanthony@example.org,Taiwan,2026-04-15 10:28:38
CUST-0174,Charles Johnson,ihorton@example.net,Latvia,2025-06-06 15:15:42
CUST-0175,Susan Smith,marydunn@example.net,New Caledonia,2025-10-07 14:56:04
CUST-0176,Ricardo Young,williamsrobert@example.net,Kuwait,2023-10-16 07:48:25
CUST-0177,Taylor Carlson,chenbailey@example.net,Cambodia,2024-10-05 05:35:36
CUST-0178,Lucas Allen,qlopez@example.org,Malta,2025-01-20 22:28:09
CUST-0179,Joseph Romero,myerstheodore@example.net,Iceland,2025-02-09 15:54:30
CUST-0180,Alan Kramer,john19@example.net,Saudi Arabia,2024-12-08 07:22:44
CUST-0181,Harold Morgan,mariacohen@example.net,Lesotho,2026-03-18 03:00:22
CUST-0182,Chad Baldwin,mjohnson@example.org,Somalia,2024-05-15 14:57:39
CUST-0183,Emily Collins,ihays@example.com,El Salvador,2023-09-05 15:30:28
CUST-0184,Cheryl Kelly,glennmartin@example.org,South Georgia and the South Sandwich Islands,2025-02-01 10:56:09
CUST-0185,James Gonzales,lmorgan@example.com,Puerto Rico,2025-08-21 15:12:11
CUST-0186,Robert Adams,acostachristian@example.net,Swaziland,2024-04-16 02:05:31
CUST-0187,Erica Miller,kirk96@example.org,Portugal,2025-05-30 08:17:26
CUST-0188,Andrew Berg,christina64@example.net,Somalia,2023-10-07 20:39:01
CUST-0189,Mark Cox,stephaniethomas@example.net,Philippines,2025-05-21 10:27:13
CUST-0190,Austin Osborne,michael90@example.net,Cape Verde,2026-05-30 15:27:18
CUST-0191,Jacob Wallace,berryalyssa@example.com,Germany,2026-04-14 19:33:58
CUST-0192,Tyler Johnson,victorhughes@example.net,British Indian Ocean Territory (Chagos Archipelago),2024-08-20 09:55:42
CUST-0193,Michele Lewis,heather73@example.org,Burkina Faso,2023-11-02 19:02:48
CUST-0194,Steven Wallace,cochrantammy@example.com,Papua New Guinea,2024-12-31 11:08:25
CUST-0195,Krista Roberts,melissa25@example.net,Czech Republic,2024-01-15 06:54:24
CUST-0196,Dr. Cynthia Snyder,angela57@example.net,Bulgaria,2026-02-15 09:16:30
CUST-0197,Ana Sanders,xfox@example.com,Swaziland,2025-12-19 20:01:52
CUST-0198,William Day,howens@example.com,Brunei Darussalam,2025-11-13 04:16:07
CUST-0199,Catherine Burch,dshaw@example.org,Maldives,2024-03-04 11:01:00
CUST-0200,Christopher Donovan,michaeleverett@example.com,Tanzania,2023-11-10 06:17:49
CUST-0201,Mark Pierce,colleenmendez@example.org,Macao,2026-04-01 11:55:48
CUST-0202,Todd Moore,megan90@example.org,Belgium,2023-09-19 09:07:31
CUST-0203,Patricia Baker,katiebutler@example.net,Antarctica (the territory South of 60 deg S),2025-08-22 10:23:28
CUST-0204,Kimberly May,timothy64@example.com,Barbados,2026-06-14 11:33:41
CUST-0205,Jeffrey Washington,matthewthomas@example.net,Ghana,2024-12-28 06:32:03
CUST-0206,Bianca Wood,floressteven@example.com,Korea,2024-07-29 21:16:21
CUST-0207,Anthony Dougherty,kwright@example.com,Vietnam,2025-12-24 03:55:13
CUST-0208,Cheryl Moore,tjimenez@example.com,Angola,2023-11-27 15:27:36
CUST-0209,Kathy Levy,brandywilliams@example.com,Lithuania,2026-01-23 23:18:03
CUST-0210,Martha Ruiz,booneryan@example.com,Saint Lucia,2025-01-28 23:21:55
CUST-0211,Holly Morales,michaelroberts@example.com,Madagascar,2025-06-09 08:36:53
CUST-0212,Diana Hays,andersoncolin@example.com,South Africa,2024-12-18 12:12:10
CUST-0213,Holly Thomas,cporter@example.org,Burundi,2024-12-09 02:50:38
CUST-0214,Kelly Hernandez,markaustin@example.org,India,2026-02-22 10:59:26
CUST-0215,Elizabeth Rogers,terickson@example.com,Suriname,2023-08-05 14:27:26
CUST-0216,Michael Whitney,laura09@example.com,Estonia,2026-04-24 04:23:22
CUST-0217,Paula Lane,silvageorge@example.net,Saint Helena,2026-02-27 11:36:43
CUST-0218,Jamie Underwood,anthonyvaughan@example.org,Comoros,2023-08-09 04:13:22
CUST-0219,Jason Gutierrez,roberthampton@example.com,Tunisia,2023-10-15 12:12:04
CUST-0220,Kelly Hoffman,ufox@example.org,Kuwait,2025-10-15 22:36:15
CUST-0221,Hector Ingram,chelsea33@example.com,Moldova,2024-10-16 11:02:31
CUST-0222,William Evans,janet75@example.com,Guernsey,2025-11-27 10:40:42
CUST-0223,Rebecca Hill,berryamy@example.com,Svalbard & Jan Mayen Islands,2024-12-27 21:44:23
CUST-0224,Regina Roberts,stephanie15@example.com,Palau,2024-08-12 03:06:39
CUST-0225,Cindy Clayton,sarah42@example.org,Nicaragua,2026-01-07 08:48:48
CUST-0226,Anthony Stein,danawilliams@example.com,Greenland,2025-07-13 14:40:51
CUST-0227,Randy Smith,richarddonovan@example.com,Lesotho,2026-04-16 08:01:37
CUST-0228,Victor Morris,velezchristopher@example.net,Djibouti,2025-10-19 02:06:34
CUST-0229,Sarah Johnson,robertmonroe@example.org,Taiwan,2025-03-18 11:13:01
CUST-0230,Charlotte Curry,nancy04@example.net,Netherlands,2023-12-24 10:38:46
CUST-0231,Frances Gibson,ismall@example.net,Lao People's Democratic Republic,2024-09-06 14:17:25
CUST-0232,Brian Martin,twong@example.org,American Samoa,2024-12-15 10:38:22
CUST-0233,Laura Todd,cherylfowler@example.com,Sweden,2025-05-05 04:07:10
CUST-0234,Angie Caldwell,tinawoods@example.org,Albania,2024-08-18 20:57:59
CUST-0235,Jeremy Adams,kevin90@example.com,Palau,2025-01-19 07:15:36
CUST-0236,Amy Wilson,erik84@example.net,British Indian Ocean Territory (Chagos Archipelago),2026-03-28 23:04:14
CUST-0237,Elizabeth Mendez,susanmendoza@example.com,San Marino,2026-02-05 17:46:17
CUST-0238,Michael Durham,kathleenbecker@example.net,Tunisia,2023-11-14 22:31:58
CUST-0239,Kelsey Cox,brownamy@example.net,Cook Islands,2025-12-16 10:03:09
CUST-0240,Carmen Bond,nwilson@example.net,Myanmar,2025-08-08 03:00:51
CUST-0241,Jordan Stokes,aanderson@example.com,Mongolia,2023-10-08 10:46:11
CUST-0242,Megan Parker,fosterlisa@example.net,Cuba,2025-12-25 03:11:36
CUST-0243,Jeff Graves,,Antigua and Barbuda,2024-09-28 17:42:14
CUST-0244,Randy Cannon,ybrooks@example.com,Trinidad and Tobago,2025-02-16 04:16:14
CUST-0245,Michael Stanley,desireebailey@example.org,Mauritania,2025-03-12 08:28:28
CUST-0246,Monica Walker,avilatiffany@example.com,Peru,2025-11-02 12:34:48
CUST-0247,James Hall,rreed@example.org,Vietnam,2024-01-02 01:20:23
CUST-0248,Matthew Mendez,allencarlos@example.net,Antigua and Barbuda,2025-06-03 06:42:57
CUST-0249,Michele Williams,moralesjimmy@example.org,Saudi Arabia,2023-10-06 10:34:22
CUST-0250,Wyatt Young,barbara53@example.com,Turkey,2024-02-18 07:19:21
CUST-0251,Ms. Jennifer Hill,conniesimmons@example.com,Australia,2024-12-26 18:54:07
CUST-0252,Megan Floyd,heather62@example.com,Honduras,2024-04-21 09:41:30
CUST-0253,Kara Atkinson,meredith27@example.org,Monaco,2025-04-11 19:55:06
CUST-0254,Kristin Anderson,jonathanrivera@example.org,Uzbekistan,2025-06-08 11:27:17
CUST-0255,Anna Hardy,brettbennett@example.net,Netherlands,2023-09-10 04:37:34
CUST-0256,Chelsea Gill,timothybooth@example.com,Gabon,2023-08-03 13:52:07
CUST-0257,Colton Figueroa,srocha@example.net,Romania,2024-05-23 10:59:21
CUST-0258,David Morris,oscar85@example.com,Eritrea,2025-01-19 10:42:35
CUST-0259,Kathleen Garcia,ugill@example.org,Heard Island and McDonald Islands,2024-11-07 20:45:54
CUST-0260,Justin Walker,allentran@example.net,Mozambique,2025-04-19 10:37:32
CUST-0261,Craig Hall,victorpena@example.net,Guadeloupe,2024-08-13 12:01:24
CUST-0262,Katherine Cummings,umurray@example.com,Chile,2024-02-13 04:13:07
CUST-0263,Katherine Stark,,Western Sahara,2026-05-13 19:04:04
CUST-0264,Aaron Taylor,carloshernandez@example.org,Madagascar,2025-06-18 03:27:32
CUST-0265,Luke Estrada,bhopkins@example.org,Martinique,2025-11-13 16:56:57
CUST-0266,Alan Bowen,andre62@example.org,Uruguay,2023-12-07 09:01:43
CUST-0267,Daisy Harvey,lisa46@example.org,Holy See (Vatican City State),2025-04-01 11:59:08
CUST-0268,David Terry,gabriella10@example.org,Iraq,2025-02-18 22:10:27
CUST-0269,John Walsh,christopherbruce@example.net,Slovenia,2024-12-06 08:51:01
CUST-0270,Shannon Davis,hallrachel@example.net,Tuvalu,2025-12-07 05:25:52
CUST-0271,Anthony Jones,rachel90@example.org,Vanuatu,2024-11-10 07:01:33
CUST-0272,Daniel Thomas,thickman@example.org,Mongolia,2024-07-18 07:38:23
CUST-0273,Sarah Rhodes,patrick21@example.net,Samoa,2024-12-29 00:45:48
CUST-0274,Jeffrey Roberson,cassie99@example.com,Singapore,2024-11-28 18:23:24
CUST-0275,Donald Riddle,jperez@example.com,Jersey,2024-04-24 06:59:43
CUST-0276,Mary Miller,lauren11@example.com,Cape Verde,2025-02-20 01:36:47
CUST-0277,Madison Singh,michael10@example.com,Kenya,2025-01-19 20:53:00
CUST-0278,Ashley Miller,jcole@example.net,Ireland,2023-12-18 05:13:34
CUST-0279,Hector Davis,michelle04@example.com,Iceland,2023-11-19 08:00:48
CUST-0280,Kristin Haney,ashleyjackson@example.com,Chile,2024-02-11 10:31:09
CUST-0281,Derrick Thomas,ryanfisher@example.com,Slovenia,2023-11-07 06:01:22
CUST-0282,Tony Le,mwheeler@example.com,Botswana,2024-02-06 05:36:08
CUST-0283,Travis Cook,vbrock@example.com,Grenada,2025-05-09 16:43:22
CUST-0284,Shannon Mccann,kevinmorrison@example.net,Cook Islands,2025-07-23 20:57:51
CUST-0285,Vincent Novak,jessica79@example.org,Greece,2025-02-13 22:32:40
CUST-0286,Richard Diaz,brittanygardner@example.net,Seychelles,2025-11-11 07:22:11
CUST-0287,Nicholas Hahn,samuelcarter@example.net,Bangladesh,2025-04-06 08:05:26
CUST-0288,Brenda Turner,donna66@example.org,Kiribati,2026-01-24 14:46:35
CUST-0289,James Hunter,ystephens@example.com,Reunion,2025-10-21 19:29:33
CUST-0290,Suzanne Rodriguez,dianekelly@example.net,New Zealand,2023-09-17 13:41:13
CUST-0291,Maria Lucas,tammy61@example.org,Bolivia,2024-08-15 16:39:08
CUST-0292,Paul Grant,seanmyers@example.net,Namibia,2026-06-17 07:33:18
CUST-0293,Haley Johnson,phillipssamantha@example.org,Brazil,2024-02-15 20:13:12
CUST-0294,Grant Mueller,gbailey@example.com,Saint Helena,2026-06-27 03:24:14
CUST-0295,Austin Williams,johnsonmatthew@example.org,Philippines,2024-03-22 01:45:04
CUST-0296,Natalie Black,marksimmons@example.com,Djibouti,2025-03-30 23:26:58
CUST-0297,Charlotte Sandoval,njohnson@example.org,Korea,2026-01-15 17:07:14
CUST-0298,Aaron Lewis,karen19@example.org,South Georgia and the South Sandwich Islands,2025-10-21 18:51:35
CUST-0299,Gabriel Ellis,emily78@example.net,Germany,2026-01-23 02:52:20
CUST-0300,James Wilson,megan92@example.net,Romania,2024-10-14 19:44:01
CUST-0301,Leslie Powers,david41@example.org,Holy See (Vatican City State),2026-06-21 23:22:29
CUST-0302,James Carlson,fhenderson@example.net,Mauritania,2026-06-21 23:14:23
CUST-0303,Tara Thompson,tracytaylor@example.com,Tajikistan,2025-06-10 08:43:17
CUST-0304,Sharon Crane,ytaylor@example.net,Madagascar,2026-04-20 06:23:31
CUST-0305,Michael Perry PhD,kjackson@example.org,South Africa,2024-06-17 08:07:21
CUST-0306,Donald Medina,kimberlycunningham@example.com,Mexico,2025-09-11 06:24:50
CUST-0307,Brian Hampton,amber07@example.net,Cuba,2025-05-01 05:06:08
CUST-0308,Ronald Potter,nancy07@example.com,Guernsey,2023-11-22 21:08:53
CUST-0309,Xavier Rowe,jasonrojas@example.net,Guernsey,2026-02-12 18:23:44
CUST-0310,Carol Taylor,lisatrujillo@example.net,Guernsey,2025-10-14 15:03:11
CUST-0311,Joshua Morris,keith48@example.net,Suriname,2023-12-05 16:26:17
CUST-0312,Paul Jenkins,riddlemichelle@example.org,Reunion,2024-02-01 21:15:37
CUST-0313,Michael Poole,kburns@example.net,Ethiopia,2026-03-12 00:44:42
CUST-0314,Jesse Schultz,powellkara@example.net,Vietnam,2025-02-03 02:09:26
CUST-0315,John Perkins,simonstephen@example.net,Qatar,2025-01-17 05:41:52
CUST-0316,Rebecca Sanders,fsummers@example.com,Gibraltar,2024-09-23 07:18:10
CUST-0317,Kenneth Knight,rkramer@example.org,Aruba,2023-12-12 10:36:07
CUST-0318,Sara Smith,scottsmith@example.com,Cook Islands,2026-06-14 10:45:09
CUST-0319,Sonia Turner,,Holy See (Vatican City State),2026-05-08 00:52:14
CUST-0320,Carol Sanders,jessica36@example.net,Bermuda,2026-07-07 21:57:04
CUST-0321,Daniel Miller,aprilwallace@example.org,Qatar,2024-12-25 11:33:33
CUST-0322,Virginia Henderson,timperez@example.org,Saint Martin,2023-12-16 20:56:54
CUST-0323,Jacob Evans,wayala@example.org,Norway,2026-05-27 15:41:12
CUST-0324,Joseph Smith,scottbowen@example.net,San Marino,2024-03-01 21:49:23
CUST-0325,Lisa Ramos,christophergarcia@example.org,Namibia,2025-02-26 07:56:02
CUST-0326,Jeffrey Moody,joshuamiller@example.net,Netherlands Antilles,2026-01-27 20:06:04
CUST-0327,Dominique Pugh,abbottdominique@example.com,Costa Rica,2025-09-22 01:16:23
CUST-0328,Chelsea Myers,bowerslaura@example.org,Lithuania,2025-03-01 05:02:37
CUST-0329,Jonathan Wheeler,hatfieldsarah@example.org,Iceland,2025-12-09 16:56:36
CUST-0330,Joshua Thompson,xbest@example.org,Andorra,2026-01-08 04:41:06
CUST-0331,Dennis Williams,fryraymond@example.com,Niue,2025-08-27 02:38:45
CUST-0332,Jessica Morales,joshuacollins@example.net,Uruguay,2024-05-21 09:56:17
CUST-0333,Brittney Murphy,collinssamuel@example.org,Azerbaijan,2024-07-24 13:03:09
CUST-0334,Jeffrey Chavez,parkerjudith@example.net,China,2024-01-12 07:20:41
CUST-0335,Chad Smith,hbenton@example.net,Slovenia,2024-08-16 11:36:50
CUST-0336,Cameron Norman,jessica10@example.com,Sri Lanka,2025-05-07 16:34:00
CUST-0337,Austin Joseph,crawfordwilliam@example.org,Luxembourg,2025-12-07 09:14:00
CUST-0338,Christopher Ayala,perezwilliam@example.org,Togo,2023-07-29 20:19:09
CUST-0339,John Reyes,haroldhorne@example.org,Micronesia,2026-04-24 08:34:38
CUST-0340,Frank Butler,joseph19@example.com,British Indian Ocean Territory (Chagos Archipelago),2025-08-28 15:37:46
CUST-0341,Amy Walker,finleycasey@example.com,Tonga,2024-09-21 07:20:58
CUST-0342,Emily Miller,msmith@example.com,Mongolia,2024-10-24 20:44:48
CUST-0343,Dana Richardson,xcuevas@example.org,Saint Martin,2025-11-05 19:23:31
CUST-0344,Danielle Smith,ijohnson@example.com,North Macedonia,2026-06-22 00:16:45
CUST-0345,Tiffany Smith,usweeney@example.com,Bosnia and Herzegovina,2024-05-24 12:23:14
CUST-0346,Cynthia Vasquez,,Bermuda,2023-09-16 22:54:25
CUST-0347,Stephanie Meyer,stephen19@example.org,Madagascar,2024-02-03 03:56:37
CUST-0348,Jennifer Vargas,grahamtamara@example.org,French Guiana,2024-08-19 04:38:02
CUST-0349,Tammy Long,louis43@example.org,Western Sahara,2024-05-20 15:51:40
CUST-0350,Randy Rodriguez,martinsteven@example.com,British Indian Ocean Territory (Chagos Archipelago),2025-10-20 06:54:07
CUST-0351,Randy Hayes,hbaker@example.org,Cayman Islands,2026-06-10 12:09:54
CUST-0352,Michael Morrison,marymurphy@example.org,Rwanda,2024-07-30 08:27:13
CUST-0353,Jennifer Williams,jorge20@example.com,Timor-Leste,2025-06-12 05:28:05
CUST-0354,Krista Davis,laradonald@example.org,Bahamas,2024-06-20 01:41:20
CUST-0355,Rodney Watson,aguilarjonathan@example.org,Angola,2023-10-18 21:52:42
CUST-0356,Matthew Lamb,steinmaria@example.com,British Virgin Islands,2023-09-15 02:01:14
CUST-0357,Amber Glass,zunderwood@example.com,Antarctica (the territory South of 60 deg S),2025-02-24 07:22:27
CUST-0358,Carrie Lewis,joshuagriffin@example.org,Antigua and Barbuda,2026-02-18 17:44:21
CUST-0359,Danielle Phillips,eandrade@example.org,Benin,2024-09-17 08:59:29
CUST-0360,Jason Day,crystalpham@example.org,Hong Kong,2025-01-18 14:51:23
CUST-0361,Richard Cooper,paul20@example.com,Nepal,2024-06-14 23:51:04
CUST-0362,Robert Campbell,xmoreno@example.net,Djibouti,2024-03-14 17:25:51
CUST-0363,Matthew Adams,gallagherstacie@example.net,Tanzania,2025-03-05 03:37:40
CUST-0364,Ryan Bruce,joelstewart@example.net,Qatar,2025-01-18 02:35:28
CUST-0365,Alyssa Haynes,annalopez@example.com,Mauritius,2024-11-01 20:31:13
CUST-0366,Andrew Brown,andrewwoods@example.com,United States Virgin Islands,2026-02-18 18:47:25
CUST-0367,Carlos Love,brian29@example.net,United States Virgin Islands,2024-02-15 19:22:50
CUST-0368,Sarah Valencia,brookssheri@example.com,Namibia,2023-12-14 16:56:20
CUST-0369,Frank Daugherty,,Ghana,2024-04-06 08:55:58
CUST-0370,Kristina Preston,jeffrey92@example.com,Gambia,2026-06-14 07:16:08
CUST-0371,Christopher Smith,xrosales@example.net,Antigua and Barbuda,2024-04-18 14:41:11
CUST-0372,Tammy Ponce,daniellegarcia@example.com,Cambodia,2024-12-06 05:02:25
CUST-0373,Cynthia Haas,daisymccarty@example.net,Paraguay,2026-03-29 13:39:42
CUST-0374,Gabriela Smith,johnjones@example.com,Solomon Islands,2023-12-25 14:00:30
CUST-0375,Amber Kim,,Turkmenistan,2025-02-18 01:36:53
CUST-0376,James Poole,franciscojones@example.org,French Polynesia,2023-08-10 22:44:55
CUST-0377,Trevor Jones,pamelamartin@example.org,Mexico,2023-12-02 09:22:51
CUST-0378,William Barry,reynoldsdesiree@example.net,Tuvalu,2025-05-15 06:21:01
CUST-0379,Brian Harris,robertspencer@example.net,Mauritius,2024-08-25 19:58:26
CUST-0380,Elizabeth Davis,farmstrong@example.org,Austria,2025-01-21 06:51:50
CUST-0381,Brandon Colon,bgonzalez@example.org,Chile,2026-03-28 03:39:32
CUST-0382,Bradley Anthony,kristen77@example.net,Estonia,2023-11-29 08:00:56
CUST-0383,Jasmine Watson,cwood@example.org,Estonia,2025-05-23 20:53:52
CUST-0384,Darrell Adams,hernandezheather@example.org,Belize,2026-05-13 16:17:42
CUST-0385,Joshua Arellano,angelarandall@example.net,Italy,2025-10-19 15:36:39
CUST-0386,Taylor Armstrong,thomasmiller@example.net,Antigua and Barbuda,2025-08-28 17:53:10
CUST-0387,Kellie Duncan,davidtodd@example.org,Yemen,2024-03-26 10:32:29
CUST-0388,Rhonda Martinez,rmiller@example.com,Cook Islands,2026-03-11 02:52:29
CUST-0389,Kurt Flores,millerangela@example.net,Greece,2024-09-11 19:41:58
CUST-0390,Sylvia Smith,jrodriguez@example.org,Montenegro,2026-01-09 01:57:35
CUST-0391,Traci Garcia,hartcraig@example.com,Trinidad and Tobago,2025-10-19 20:03:00
CUST-0392,Sherry Baker,earmstrong@example.org,China,2024-09-10 14:22:12
CUST-0393,Luke Becker,vwilliams@example.net,Dominica,2023-09-25 07:53:14
CUST-0394,Tammie Prince,morganlaura@example.com,Fiji,2025-08-12 11:04:45
CUST-0395,Melinda Compton,dennismccann@example.com,Singapore,2024-11-20 05:01:28
CUST-0396,Jason Brewer,scottmcintyre@example.com,Saint Vincent and the Grenadines,2025-08-01 08:10:36
CUST-0397,Sharon Nicholson,cameronmckinney@example.com,Burkina Faso,2025-10-02 04:59:36
CUST-0398,Alyssa Lee,marywright@example.com,Australia,2025-01-20 13:56:36
CUST-0399,Denise Colon,hreid@example.net,Antarctica (the territory South of 60 deg S),2024-07-20 14:17:33
CUST-0400,Kirk Thompson,wmatthews@example.com,Central African Republic,2024-08-15 13:43:39
CUST-0401,Melissa Mitchell,kwilliams@example.org,Togo,2024-06-18 14:45:10
CUST-0402,Megan Adams,xpalmer@example.net,Algeria,2025-07-16 05:48:41
CUST-0403,Maria Burke,walkercharlene@example.com,Rwanda,2026-04-04 05:16:56
CUST-0404,Steven York,dking@example.com,Philippines,2025-09-26 12:58:27
CUST-0405,Jennifer Garcia,anna99@example.com,French Southern Territories,2026-06-07 22:57:28
CUST-0406,Arthur Mcneil,michelle44@example.org,Canada,2025-09-21 08:17:21
CUST-0407,Stephanie Trujillo,rguerrero@example.org,Saint Helena,2023-08-19 07:13:40
CUST-0408,Yolanda Green,vsullivan@example.org,Myanmar,2025-12-15 09:28:27
CUST-0409,Grace Reeves,qknox@example.com,Madagascar,2024-10-19 02:15:39
CUST-0410,Sara Walter,kellyruiz@example.net,Eritrea,2025-11-25 04:23:50
CUST-0411,Catherine Frazier,destiny35@example.org,Samoa,2024-10-29 19:09:19
CUST-0412,Stephen Watson,steven17@example.org,Tonga,2026-03-22 06:12:41
CUST-0413,Terry Jones,vincentdillon@example.com,Marshall Islands,2024-10-16 05:41:43
CUST-0414,Seth Hernandez,matthewbenitez@example.com,Cambodia,2024-11-13 05:49:00
CUST-0415,Catherine Miller,crystal25@example.net,Azerbaijan,2023-07-18 01:55:07
CUST-0416,Daniel Ayala,tracygallagher@example.org,Bulgaria,2026-02-19 07:39:06
CUST-0417,Jeffrey Patterson,creyes@example.net,Cook Islands,2025-02-09 08:24:54
CUST-0418,Stephanie Sherman,andrewsmith@example.net,Egypt,2024-06-26 05:59:01
CUST-0419,Haley Anderson,tgordon@example.org,Bahrain,2023-09-19 18:41:25
CUST-0420,Earl Luna,ryan25@example.com,Guinea-Bissau,2024-04-28 11:13:06
CUST-0421,Terry Burnett,perezjessica@example.org,Croatia,2023-08-13 19:10:21
CUST-0422,Caroline Richardson,brooksdanielle@example.net,Nigeria,2023-09-24 05:38:23
CUST-0423,Amber Rodriguez,williamsdarrell@example.com,Hong Kong,2024-01-18 18:08:40
CUST-0424,Kara Hernandez,turnerdorothy@example.net,Mali,2024-09-02 03:39:51
CUST-0425,Mercedes Barnes,huntchristine@example.com,Brazil,2023-12-22 19:59:05
CUST-0426,Mr. Richard Decker DVM,jade42@example.org,Mexico,2025-08-19 19:37:53
CUST-0427,Melissa Castillo,aaronpowers@example.org,Syrian Arab Republic,2025-12-18 16:09:11
CUST-0428,Brittany Davis,cummingscraig@example.com,Norway,2024-07-03 20:28:00
CUST-0429,William Baker,garciagregg@example.org,Timor-Leste,2024-10-04 03:18:58
CUST-0430,Michael Simmons,daviskatherine@example.org,Algeria,2024-02-10 17:54:19
CUST-0431,Carolyn Howard,rfriedman@example.net,Bermuda,2025-02-08 14:32:50
CUST-0432,Catherine Morales,ynelson@example.net,Thailand,2025-07-22 16:27:10
CUST-0433,Mariah Robles,andersonjessica@example.org,Bosnia and Herzegovina,2025-04-17 00:49:26
CUST-0434,Karen Carroll,,New Zealand,2023-08-24 12:32:00
CUST-0435,Sheryl Acosta,timothyfreeman@example.com,Kazakhstan,2023-09-20 04:09:33
CUST-0436,Matthew Smith,tiffanysantiago@example.com,Maldives,2025-09-30 08:53:11
CUST-0437,Lisa Reynolds,timothyalvarado@example.net,Hungary,2024-02-26 16:25:34
CUST-0438,Kristin Huerta,smithsarah@example.net,Thailand,2025-07-08 18:32:46
CUST-0439,Sheila Jones,vflores@example.com,Australia,2025-09-05 05:52:55
CUST-0440,Mason Powell,christianwallace@example.net,Kiribati,2023-11-24 11:48:17
CUST-0441,Jillian Wilson,bmcgee@example.org,Iraq,2025-04-11 07:16:55
CUST-0442,Joshua Petersen,pamela83@example.net,Paraguay,2025-06-18 10:51:02
CUST-0443,Heidi Brown,meganrivera@example.net,Netherlands Antilles,2025-07-14 17:53:19
CUST-0444,Heidi Chavez,malonejeffrey@example.com,Guinea,2026-03-21 02:47:15
CUST-0445,Dorothy Boyd,williamsfrank@example.org,Swaziland,2025-04-06 10:40:10
CUST-0446,Levi Lopez,ylewis@example.org,Saint Barthelemy,2024-12-16 17:15:45
CUST-0447,Jason House,,Namibia,2025-09-01 00:02:05
CUST-0448,Jonathan Moreno,tranryan@example.net,Liberia,2025-09-07 10:12:38
CUST-0449,Susan Holt,jessicaanderson@example.com,Palestinian Territory,2026-01-28 16:09:54
CUST-0450,Erica Keith,spetty@example.org,Falkland Islands (Malvinas),2025-03-19 19:51:18
CUST-0451,Tracy Chavez,devonmorrison@example.net,Malaysia,2024-10-17 02:28:33
CUST-0452,Kimberly Edwards,jamesweber@example.com,Poland,2024-12-28 03:39:51
CUST-0453,Brandi Page,,Russian Federation,2024-01-06 00:48:22
CUST-0454,Kristina Aguilar,icraig@example.com,Turkey,2025-04-26 21:53:30
CUST-0455,Kelly Johnson,brianbrown@example.com,Sao Tome and Principe,2024-03-16 18:17:34
CUST-0456,Miss Brianna Brown,james80@example.com,Suriname,2025-06-12 20:07:58
CUST-0457,Sean Stevenson,juliahoffman@example.org,Malawi,2026-06-26 03:44:17
CUST-0458,Matthew House,ybutler@example.net,Germany,2025-11-14 10:53:01
CUST-0459,Patrick Harris,ogreer@example.net,Russian Federation,2026-04-11 19:40:19
CUST-0460,Kevin Rodgers,kimberlybrandt@example.com,Kiribati,2024-04-11 09:06:12
CUST-0461,Mrs. Tonya Moss,bennettroy@example.net,Estonia,2024-01-28 19:25:06
CUST-0462,Ryan Smith,jmckinney@example.org,Cape Verde,2024-11-22 22:42:21
CUST-0463,Patricia Garrett,tracy98@example.com,Barbados,2024-11-15 12:49:45
CUST-0464,Tina Meyer,robertherrera@example.org,Guernsey,2024-06-18 09:02:55
CUST-0465,Mary Rivera,jeffery98@example.com,Monaco,2026-04-14 09:50:58
CUST-0466,Michael Griffin,susanfleming@example.com,Hong Kong,2024-01-02 21:04:36
CUST-0467,Joshua Campbell,willie87@example.com,Aruba,2024-10-13 06:02:45
CUST-0468,Cheryl Palmer,jacksonstephanie@example.net,Martinique,2023-07-22 03:29:26
CUST-0469,Christine Soto,michellecoleman@example.org,Costa Rica,2025-10-23 03:07:00
CUST-0470,Sherry Figueroa,elucas@example.net,Poland,2024-03-05 14:34:22
CUST-0471,Mitchell Johnson,brownlaura@example.net,Barbados,2025-12-19 22:20:04
CUST-0472,Susan Russell,bmccoy@example.com,Andorra,2025-03-06 19:52:07
CUST-0473,Kimberly May,,Thailand,2023-10-31 12:31:02
CUST-0474,Jonathan Roberts,catherine47@example.com,Indonesia,2026-05-02 03:43:54
CUST-0475,Christopher Robinson,irobles@example.com,North Macedonia,2024-02-19 13:42:43
CUST-0476,Stephen Sanford,susan08@example.net,Cambodia,2024-01-18 04:43:35
CUST-0477,Kenneth Long,torreskaitlin@example.net,Guatemala,2024-06-03 16:18:43
CUST-0478,Matthew Hunt,jackjensen@example.com,Congo,2024-01-04 19:37:29
CUST-0479,Robert Phelps,enewman@example.com,Paraguay,2023-10-23 09:39:08
CUST-0480,Craig Carpenter,michael31@example.com,Niger,2023-10-27 04:51:01
CUST-0481,Emily Hayes,heather29@example.net,Haiti,2024-11-13 03:56:29
CUST-0482,Caroline Edwards,jenniferdavidson@example.com,Tajikistan,2025-01-19 04:47:46
CUST-0483,Nicholas Humphrey,xgriffin@example.com,Libyan Arab Jamahiriya,2025-11-13 18:00:11
CUST-0484,Matthew Miller,michele28@example.org,Estonia,2026-03-10 04:13:55
CUST-0485,Bernard Smith,hessbeth@example.net,Croatia,2023-09-05 16:49:58
CUST-0486,Kimberly Lutz,jvaldez@example.com,India,2024-06-21 15:39:42
CUST-0487,Leah Vincent,stevendixon@example.com,Haiti,2025-08-28 20:20:22
CUST-0488,David Maynard,katherinetaylor@example.org,Christmas Island,2025-12-06 13:30:55
CUST-0489,Mary Faulkner,ccrosby@example.org,Senegal,2025-08-06 06:48:13
CUST-0490,Dennis Young,aprilmoody@example.com,Latvia,2025-06-16 00:31:22
CUST-0491,Amanda Wong,padillaadrienne@example.com,Syrian Arab Republic,2024-08-22 19:19:16
CUST-0492,Laura Bennett,pdiaz@example.org,Maldives,2024-08-04 14:00:28
CUST-0493,Terry Black,lisa57@example.com,Tuvalu,2026-02-03 08:48:17
CUST-0494,Stephen Gonzales,chrisschneider@example.org,Canada,2024-04-26 02:32:07
CUST-0495,Lance Montoya,robertrivera@example.org,Liberia,2026-05-24 16:33:51
CUST-0496,Daniel Martin,cjohnson@example.org,Montserrat,2026-01-15 22:30:29
CUST-0497,Mark Williams,,Maldives,2025-03-31 14:41:37
CUST-0498,Kristy Smith,stacey37@example.net,Latvia,2025-07-28 00:05:10
CUST-0499,Ronald Burke,cindydixon@example.org,Saint Kitts and Nevis,2026-06-09 18:52:40
CUST-0500,Jesse Garza,nicholasanderson@example.org,Cook Islands,2025-09-29 18:16:40
CUST-0501,Kathy Barnes,catherinethompson@example.net,Netherlands Antilles,2023-09-09 09:34:30
CUST-0502,Kim Goodwin,olsondavid@example.net,Mauritius,2023-07-12 14:56:00
CUST-0503,Patricia Banks,,Marshall Islands,2025-05-07 02:50:07
CUST-0504,Robert Clarke,zbell@example.net,United States of America,2026-06-27 01:19:43
CUST-0505,Jessica Scott,reneemiller@example.net,Turkey,2025-11-01 09:56:54
CUST-0506,Colin Fletcher,lanedavid@example.org,Honduras,2026-04-22 13:26:05
CUST-0507,Robert Ortiz,mooredenise@example.com,Eritrea,2025-10-20 13:37:32
CUST-0508,Jacob Hill,,Slovenia,2025-11-22 21:37:47
CUST-0509,Mr. Justin King,becky62@example.net,British Indian Ocean Territory (Chagos Archipelago),2024-07-01 16:40:54
CUST-0510,Michael Martin,williamhartman@example.net,Nicaragua,2026-06-27 14:22:13
CUST-0511,Amy Price,brockmadeline@example.com,Vanuatu,2026-01-28 04:57:31
CUST-0512,Austin Walker,lynchjenny@example.com,Nicaragua,2026-04-25 02:10:20
CUST-0513,Michelle Harper,daniellegonzales@example.org,Thailand,2026-04-26 04:36:19
CUST-0514,Kelly Lee,christinacraig@example.com,Dominican Republic,2026-04-23 07:04:10
CUST-0515,Christopher Shea,zgomez@example.com,Namibia,2024-05-16 22:17:56
CUST-0516,Nancy Jones,dunnjessica@example.net,United States Virgin Islands,2026-01-01 07:28:56
CUST-0517,Victor Hill,shawnpowell@example.org,Eritrea,2024-04-07 15:57:23
CUST-0518,Brian Jones,matthew18@example.com,Turkey,2025-10-23 08:40:42
CUST-0519,Laura Benson,xhart@example.org,Saudi Arabia,2024-12-19 09:39:27
CUST-0520,Judy Murray,olsonjonathan@example.com,North Macedonia,2024-06-17 02:38:06
CUST-0521,Crystal Stewart,zachary04@example.org,France,2023-12-02 05:49:46
CUST-0522,Paul Peterson,thomasgomez@example.net,Ethiopia,2024-04-19 16:53:05
CUST-0523,Melanie Browning,pmclaughlin@example.net,Dominican Republic,2024-08-26 01:12:58
CUST-0524,Dale Wright,eric11@example.org,Philippines,2026-05-06 08:25:44
CUST-0525,Aaron Vincent DVM,uwatson@example.com,Ukraine,2025-12-19 05:49:17
CUST-0526,Katherine Joyce,raymond92@example.org,Malta,2025-04-28 03:19:35
CUST-0527,Joshua Shaw,xdalton@example.org,Kuwait,2024-01-13 17:50:15
CUST-0528,Julia Norris,craignicolas@example.org,Greece,2025-01-22 11:41:54
CUST-0529,Debbie Dunn,josephmullen@example.com,Haiti,2024-04-21 10:59:07
CUST-0530,Mr. Michael Watson PhD,shannon92@example.net,Poland,2024-06-29 19:46:21
CUST-0531,Michelle Brock,mchase@example.org,South Georgia and the South Sandwich Islands,2024-02-28 01:44:32
CUST-0532,Adam Fisher,wendyatkinson@example.net,Martinique,2024-11-12 05:21:05
CUST-0533,Elizabeth Hart,rosshannah@example.org,Cuba,2024-08-08 18:47:35
CUST-0534,Mark Cole,jordan58@example.net,Venezuela,2024-08-14 02:29:30
CUST-0535,Jason Bell,barbarasantos@example.net,China,2024-09-24 21:10:09
CUST-0536,Michael Freeman,ypreston@example.net,France,2025-06-30 04:07:02
CUST-0537,Brianna Jackson,robert99@example.com,Thailand,2023-10-29 14:05:12
CUST-0538,Greg Edwards,jennifer96@example.com,Tuvalu,2025-05-31 21:12:02
CUST-0539,Teresa Adkins,lgutierrez@example.org,Brunei Darussalam,2024-07-09 05:43:20
CUST-0540,Teresa Haynes,clarkrandy@example.org,Bahrain,2025-07-14 19:49:54
CUST-0541,Allison Sanders,garciachristine@example.org,Palau,2025-03-07 08:42:24
CUST-0542,David Mitchell,davidroberson@example.org,Antigua and Barbuda,2026-05-06 13:05:29
CUST-0543,Thomas Lin,iproctor@example.com,Mexico,2025-05-31 19:12:28
CUST-0544,Travis Ryan,owelch@example.net,Jordan,2025-09-30 22:10:57
CUST-0545,Kimberly Stout,zfernandez@example.org,Kenya,2024-10-31 00:20:40
CUST-0546,David Torres,millskatherine@example.org,Guatemala,2024-09-28 05:27:29
CUST-0547,Adam Weeks,xevans@example.com,South Georgia and the South Sandwich Islands,2024-10-07 19:07:59
CUST-0548,Rebecca Kelley,robertcastro@example.com,Egypt,2024-03-20 09:18:52
CUST-0549,Maria Clayton,josehenderson@example.org,Maldives,2026-02-17 08:32:39
CUST-0550,Melinda Mitchell,robert12@example.org,French Guiana,2023-12-29 04:34:10
CUST-0551,Lisa Nelson,blopez@example.org,Australia,2025-10-18 19:20:31
CUST-0552,William Campbell,jenniferacosta@example.org,Bermuda,2024-02-29 20:04:55
CUST-0553,Daniel Fisher,dbolton@example.net,Somalia,2023-08-29 01:25:56
CUST-0554,Ryan Lynn,adamsphilip@example.net,Latvia,2024-04-17 20:51:53
CUST-0555,Ryan Roth,martinezkayla@example.org,Hungary,2025-05-28 20:58:03
CUST-0556,Zachary Gonzalez,boydtina@example.com,Iceland,2026-06-03 08:11:51
CUST-0557,Taylor Moore,garnerandrea@example.org,El Salvador,2025-07-27 07:43:34
CUST-0558,Christina Clay,teresayoung@example.com,Greece,2023-08-03 03:57:05
CUST-0559,Donald Wilson,albertwilliams@example.net,Lebanon,2026-06-14 03:50:33
CUST-0560,Jacqueline Davis,vincentparks@example.com,Venezuela,2026-03-07 20:48:33
CUST-0561,Henry Moore,martinezjesse@example.net,Solomon Islands,2026-04-07 04:19:50
CUST-0562,Renee Gonzales,andrewgray@example.net,Burkina Faso,2024-08-03 04:49:11
CUST-0563,Karina Kim,amy73@example.net,Colombia,2025-11-01 05:49:46
CUST-0564,Nicholas Hill,caseymoore@example.com,Svalbard & Jan Mayen Islands,2024-08-22 20:33:32
CUST-0565,Jordan Parsons,bgross@example.net,Togo,2025-01-26 07:53:37
CUST-0566,Cynthia Le,rlee@example.com,Seychelles,2025-11-13 10:23:48
CUST-0567,Douglas Ortiz,daniel81@example.org,Syrian Arab Republic,2024-01-28 08:31:19
CUST-0568,Andre Rodriguez,coreyduncan@example.com,Palestinian Territory,2025-08-09 19:20:30
CUST-0569,Meredith Scott,jeffrey10@example.org,Palau,2025-08-12 03:06:41
CUST-0570,Sandra Mcdonald,wardjulia@example.com,Swaziland,2025-02-03 02:03:47
CUST-0571,Amy Jensen,navarromary@example.org,Western Sahara,2024-06-10 03:31:27
CUST-0572,Anne Hardy,hlopez@example.net,Egypt,2025-12-12 06:21:30
CUST-0573,Cassidy Curry,xreese@example.net,Morocco,2025-01-16 20:01:41
CUST-0574,Michele Simmons,jacksonhenry@example.com,Madagascar,2024-12-16 01:34:42
CUST-0575,Kimberly Greene,rachel85@example.com,Isle of Man,2026-03-20 11:06:56
CUST-0576,Nicholas Franklin,nicholaspierce@example.net,Equatorial Guinea,2025-01-20 00:16:40
CUST-0577,Jillian Sanders,birdcaitlin@example.net,Burkina Faso,2024-10-21 15:39:33
CUST-0578,William Lewis,andrew48@example.net,Moldova,2025-12-13 06:14:21
CUST-0579,Brittney Johnson,eric45@example.net,Egypt,2024-07-06 16:50:17
CUST-0580,Eric Duncan,jessicacummings@example.com,China,2025-08-07 06:27:00
CUST-0581,Melissa Johnston,larsonkevin@example.net,Sri Lanka,2025-12-21 23:36:00
CUST-0582,Richard Weeks,michael66@example.org,Trinidad and Tobago,2024-06-26 22:50:02
CUST-0583,Sarah Mcfarland,hbrown@example.org,Ghana,2025-10-26 12:13:33
CUST-0584,Erin Wolfe,brentdennis@example.com,Kiribati,2026-01-20 06:19:22
CUST-0585,Ann Reynolds,vhernandez@example.org,Lebanon,2025-12-14 11:02:09
CUST-0586,Kimberly Baker,xshaw@example.net,Bulgaria,2024-02-05 06:31:59
CUST-0587,Mr. James Duncan,johnadams@example.com,Gibraltar,2026-06-08 11:04:06
CUST-0588,Ann Powers,mdiaz@example.com,Guatemala,2026-01-18 07:31:53
CUST-0589,Patricia Jackson,christina79@example.org,Kazakhstan,2023-09-18 11:20:34
CUST-0590,Cynthia Jennings,,Saint Vincent and the Grenadines,2023-10-03 11:30:40
CUST-0591,Marc Hernandez,alexander14@example.com,Latvia,2023-08-15 02:17:52
CUST-0592,Patrick Lewis,ana92@example.net,Qatar,2026-05-13 20:44:49
CUST-0593,Kevin Alvarado,scottbrian@example.org,Somalia,2026-06-26 18:35:01
CUST-0594,Amy Pena,jonesdonna@example.net,Timor-Leste,2026-05-01 04:30:44
CUST-0595,Brian Carter,yhall@example.net,Russian Federation,2023-12-12 11:40:55
CUST-0596,Kari Harper,lopezvincent@example.com,Monaco,2023-08-13 03:20:04
CUST-0597,Thomas Torres,klong@example.org,Guatemala,2026-06-07 19:09:47
CUST-0598,Mario Young,lisa46@example.org,Western Sahara,2025-11-18 19:49:30
CUST-0599,Courtney Peterson,,Hong Kong,2025-09-26 15:57:17
CUST-0600,Lisa Garrett,robertberry@example.com,Georgia,2026-02-05 03:58:28
CUST-0601,Joshua Clark,,Tokelau,2024-02-10 07:17:14
CUST-0602,Michael Mills,russellstout@example.org,Palau,2025-12-04 05:06:28
CUST-0603,Emily Grant,whitemary@example.org,Saint Lucia,2023-08-25 13:24:19
CUST-0604,Sheryl Gutierrez,vturner@example.net,Venezuela,2024-09-08 02:02:51
CUST-0605,Cole Anderson,farmercheryl@example.com,New Caledonia,2025-12-07 15:05:07
CUST-0606,Linda Hall,howardhailey@example.com,Burkina Faso,2025-08-29 02:12:16
CUST-0607,Julie Banks,melissahenry@example.org,Central African Republic,2024-05-05 23:26:07
CUST-0608,Jason Novak,stephanie33@example.org,Bahrain,2024-04-10 20:08:25
CUST-0609,Victoria Camacho,dwatts@example.org,Japan,2025-03-30 16:42:49
CUST-0610,Lisa Holloway,phillip99@example.net,Malta,2026-04-02 03:04:53
CUST-0611,Rachel Meyer,cbryant@example.org,Maldives,2025-10-23 07:24:06
CUST-0612,Nicholas Grant,leescott@example.com,Singapore,2024-09-26 21:51:18
CUST-0613,Jay Austin,vaughnrebecca@example.com,Switzerland,2026-04-09 10:35:48
CUST-0614,Nathan Wilson,phillipmorris@example.org,Christmas Island,2025-06-14 12:37:49
CUST-0615,Michelle Harris,udavis@example.net,Pakistan,2024-03-21 12:19:37
CUST-0616,Becky Wilson,fwalters@example.net,Russian Federation,2025-02-26 10:00:06
CUST-0617,Vanessa Salazar,nicholasjames@example.org,United States Minor Outlying Islands,2024-12-12 11:05:33
CUST-0618,Mary Hernandez,haroldjoseph@example.com,Gambia,2024-11-02 13:51:55
CUST-0619,Tonya Roberts,davidanderson@example.org,Afghanistan,2026-03-03 20:55:04
CUST-0620,Alexandria Jimenez,astephens@example.net,Turkmenistan,2025-08-15 07:57:44
CUST-0621,Kevin Alvarez,mramos@example.net,Albania,2024-07-24 21:45:17
CUST-0622,Diana Fuller,brandonhernandez@example.net,Guernsey,2023-09-05 19:14:48
CUST-0623,Andrew Lane,mark10@example.org,Israel,2024-04-12 15:46:06
CUST-0624,Duane Guerrero,tammycurry@example.com,Venezuela,2023-09-04 10:24:01
CUST-0625,Edwin Richardson,wwilkins@example.com,Tajikistan,2025-11-11 21:14:10
CUST-0626,John Martinez,mark68@example.org,Qatar,2024-05-30 12:10:19
CUST-0627,Ashley Blair,webbhaley@example.net,France,2025-05-04 03:53:56
CUST-0628,Emily Fox,sara99@example.com,Mali,2026-03-18 07:32:44
CUST-0629,Dr. Stephen Hall IV,aaronjohnson@example.net,South Africa,2024-01-09 22:46:34
CUST-0630,Christine Gilbert,vgutierrez@example.com,Monaco,2026-03-27 02:02:29
CUST-0631,Martin Vaughn,kristy44@example.net,Mexico,2024-11-24 22:56:33
CUST-0632,Ashley Cook,nramsey@example.org,Syrian Arab Republic,2024-04-08 14:06:49
CUST-0633,Roy Nielsen,zhendricks@example.org,Oman,2024-02-06 15:27:31
CUST-0634,Mr. Steven Herrera,steven60@example.net,French Southern Territories,2025-12-04 08:46:29
CUST-0635,Emily Herrera,barbararivera@example.com,Bahrain,2024-02-27 16:40:37
CUST-0636,Andre Terrell,ashleyprice@example.net,Brazil,2024-10-31 15:45:03
CUST-0637,Emily Johnson,pmiller@example.com,Korea,2024-10-22 21:00:09
CUST-0638,Eric Rodriguez,stricklandrobin@example.com,Madagascar,2023-08-18 11:49:20
CUST-0639,Susan Moore,sandra84@example.com,Cambodia,2023-12-10 09:16:13
CUST-0640,Teresa Rhodes,jamiejohnson@example.com,Rwanda,2025-09-29 04:36:54
CUST-0641,Eric Williams,cookpamela@example.org,Mali,2026-04-29 10:54:05
CUST-0642,Alison Blake,manuellee@example.com,Martinique,2024-11-17 12:57:11
CUST-0643,Megan Nelson,joshuasmith@example.net,Monaco,2025-09-16 07:45:26
CUST-0644,Joshua Dunn,donald49@example.org,Chile,2023-10-29 10:18:48
CUST-0645,Steven Fernandez,andersonthomas@example.net,Australia,2023-12-22 07:25:42
CUST-0646,Brandon Myers,tjensen@example.com,Svalbard & Jan Mayen Islands,2024-05-13 13:38:50
CUST-0647,Megan Ferguson,fbradley@example.net,Lao People's Democratic Republic,2023-12-08 20:24:50
CUST-0648,Michael Mckinney,,Tokelau,2026-02-23 03:27:17
CUST-0649,Jack White,kristina57@example.com,Antarctica (the territory South of 60 deg S),2023-10-20 07:10:40
CUST-0650,Gregory Murray,justinbailey@example.net,Brunei Darussalam,2025-09-06 19:55:22
CUST-0651,Robert Robles,angela14@example.net,Kyrgyz Republic,2025-03-24 09:42:28
CUST-0652,Cynthia Sanchez,terrireyes@example.com,Cote d'Ivoire,2026-06-22 22:36:49
CUST-0653,Rachel Graham,amy32@example.net,Paraguay,2023-11-08 18:18:01
CUST-0654,Michelle Copeland,vargassteven@example.net,Bhutan,2025-06-01 09:03:03
CUST-0655,Tyler Jones,jenningscandace@example.com,Greece,2025-08-16 14:50:43
CUST-0656,Amy Robinson,paigeberger@example.net,Sudan,2023-07-11 01:03:33
CUST-0657,Mary Chavez,peter97@example.org,Costa Rica,2026-06-03 10:58:26
CUST-0658,Elizabeth Bauer,samantha65@example.org,Myanmar,2023-07-23 08:53:39
CUST-0659,Kayla Abbott,bryan80@example.org,Romania,2025-11-26 17:37:40
CUST-0660,Heather Callahan,youngjacqueline@example.com,Niue,2024-11-15 22:49:56
CUST-0661,Jennifer Graham,elainewells@example.org,Moldova,2025-02-27 04:55:46
CUST-0662,Heather Butler,whitney22@example.org,Barbados,2026-04-12 23:53:23
CUST-0663,Nathan Tucker,iproctor@example.org,Burundi,2026-04-03 10:44:14
CUST-0664,Shannon English,dhanson@example.net,Jamaica,2025-11-14 08:06:12
CUST-0665,Janice Perez,kjacobs@example.com,Tanzania,2024-07-12 12:51:54
CUST-0666,Debra House,arthur09@example.com,Romania,2025-02-02 07:47:34
CUST-0667,John Vaughn,jessicafox@example.com,Lao People's Democratic Republic,2025-09-20 19:27:46
CUST-0668,Steve Davis,qmccoy@example.net,Belarus,2026-06-07 10:18:52
CUST-0669,Rebecca Edwards,bergeramanda@example.org,Latvia,2025-06-15 01:49:47
CUST-0670,Julie Gross,zgomez@example.com,French Guiana,2024-03-26 23:20:37
CUST-0671,Thomas Curry,bryan79@example.org,Montserrat,2023-09-28 22:42:55
CUST-0672,Dorothy Mclaughlin,mitchellchristopher@example.net,Belarus,2024-09-14 09:08:26
CUST-0673,Luis Hill,alexis19@example.org,United States of America,2026-01-15 00:58:33
CUST-0674,Mary Wood,josehaynes@example.com,Cocos (Keeling) Islands,2025-10-07 00:40:05
CUST-0675,Grace Miller,caitlinunderwood@example.com,Sao Tome and Principe,2025-04-12 05:59:57
CUST-0676,Cynthia Alexander,jasonnavarro@example.com,Austria,2026-04-03 11:24:57
CUST-0677,Robert Williams,tross@example.com,San Marino,2025-10-15 00:00:08
CUST-0678,Michael Price,dustin60@example.com,Vanuatu,2025-06-06 23:25:56
CUST-0679,Ethan Moreno,davisamanda@example.com,Zimbabwe,2025-05-11 12:19:51
CUST-0680,Marissa Nelson,joseph14@example.net,Myanmar,2025-03-09 09:27:21
CUST-0681,Michael Allen,aprilbyrd@example.org,Germany,2025-11-07 10:39:45
CUST-0682,Adam Jones,gdavis@example.net,Kiribati,2025-01-06 19:40:07
CUST-0683,Douglas Lee,harveybrian@example.net,Palestinian Territory,2024-06-11 13:59:52
CUST-0684,Margaret Erickson,millercassandra@example.com,Palestinian Territory,2026-04-12 05:52:01
CUST-0685,Tracy Kemp,jonowens@example.org,Northern Mariana Islands,2025-06-14 03:47:43
CUST-0686,Destiny Simmons,jonathan14@example.org,Hong Kong,2025-03-05 09:53:16
CUST-0687,Anthony Sosa,gregory17@example.org,New Zealand,2025-03-11 16:39:35
CUST-0688,Johnathan Thomas,probinson@example.org,United States Minor Outlying Islands,2025-05-26 17:32:45
CUST-0689,Ashley Jones,kimberly07@example.org,Palau,2026-03-31 11:36:57
CUST-0690,Andrew Myers,isabelconway@example.net,Afghanistan,2025-09-18 09:03:27
CUST-0691,Patricia Mendoza,xanthony@example.org,Mauritius,2024-06-25 14:22:02
CUST-0692,Troy Meyers,imartinez@example.com,Grenada,2026-06-03 22:51:55
CUST-0693,Anthony Shea,diazmelissa@example.com,Belgium,2025-06-23 18:47:01
CUST-0694,Donna Harris,poncedonna@example.com,Qatar,2025-03-07 18:20:41
CUST-0695,Lydia Howard,mccluresamuel@example.org,Burundi,2023-09-04 05:06:55
CUST-0696,Nathan Watkins,yprice@example.net,Norway,2024-10-30 19:13:31
CUST-0697,Dr. Robert Levy Jr.,brian06@example.org,Croatia,2026-04-21 11:28:44
CUST-0698,Judy Gregory,joycehall@example.org,Argentina,2024-02-15 17:03:43
CUST-0699,Alec Meadows DDS,jacquelineanderson@example.org,Norfolk Island,2023-09-26 08:45:20
CUST-0700,Samantha Davis,marybrown@example.org,Brazil,2025-08-21 01:02:22
CUST-0701,Lisa Brown,ronaldcain@example.net,Philippines,2025-03-26 06:09:14
CUST-0702,William Johnston,marcoconnell@example.org,Serbia,2023-09-19 13:46:34
CUST-0703,Gabriela Martinez,,Micronesia,2024-03-23 02:03:39
CUST-0704,Timothy Williams,moodycrystal@example.com,Slovakia (Slovak Republic),2024-03-11 19:40:10
CUST-0705,John Smith,saramann@example.net,Tuvalu,2024-09-23 12:27:55
CUST-0706,Robert Barton,jamiebowman@example.net,Korea,2025-04-10 19:49:40
CUST-0707,Christopher Holt,jennifersalazar@example.org,Niue,2024-10-20 15:43:40
CUST-0708,Aaron Young,downstiffany@example.net,Guyana,2025-10-26 04:30:43
CUST-0709,Julie Sims,joshualee@example.org,Poland,2025-07-16 17:34:45
CUST-0710,Christopher Livingston Jr.,justin64@example.com,Nicaragua,2025-06-13 16:45:17
CUST-0711,Patrick Buckley,ericjohnson@example.net,Brazil,2023-10-28 20:01:12
CUST-0712,Mikayla Watkins,robert53@example.org,Greece,2024-06-28 14:31:03
CUST-0713,Oscar Kane,evance@example.com,Myanmar,2025-08-01 06:12:55
CUST-0714,Jeffrey Robinson,xthompson@example.org,Kuwait,2024-05-07 08:48:24
CUST-0715,Vanessa Harris,antoniocarroll@example.com,Burkina Faso,2023-12-30 08:38:25
CUST-0716,Judy Jackson,jeffrey49@example.org,Somalia,2026-03-27 20:31:16
CUST-0717,Susan Lane,christophervincent@example.com,Tokelau,2024-06-10 23:45:06
CUST-0718,Sara Ramirez,pfitzgerald@example.org,Greece,2025-05-15 08:09:08
CUST-0719,Stephanie Vargas,robinvillanueva@example.com,Aruba,2023-09-10 23:40:56
CUST-0720,Morgan Gordon MD,zmendoza@example.net,Swaziland,2023-12-09 23:51:42
CUST-0721,David Hansen,steelerichard@example.org,Bulgaria,2025-01-17 12:31:08
CUST-0722,Matthew Davis,kcaldwell@example.net,Kuwait,2025-12-12 19:31:26
CUST-0723,Allison Gibson,morgansullivan@example.com,Niue,2025-07-01 00:23:17
CUST-0724,April Burton,vbarry@example.net,Antigua and Barbuda,2024-10-13 11:51:45
CUST-0725,Derrick Shah,kristinmiller@example.com,Saint Pierre and Miquelon,2023-10-03 21:42:50
CUST-0726,Susan Cox,rodriguezmichael@example.net,Armenia,2025-01-28 15:40:00
CUST-0727,Matthew Bush,devonrogers@example.net,Brazil,2026-04-14 00:05:31
CUST-0728,Todd Carpenter,karenhodges@example.com,Guinea,2024-08-29 02:00:35
CUST-0729,Jenny Brown,michael78@example.net,Switzerland,2024-01-17 09:07:33
CUST-0730,Joseph Bryan,shannon51@example.org,Uganda,2025-06-21 00:58:16
CUST-0731,James White,rodriguezjoshua@example.net,Cameroon,2025-08-19 18:39:47
CUST-0732,Dan Crane,cartertara@example.net,Venezuela,2024-01-31 20:31:25
CUST-0733,Jason Rojas,carterbryan@example.org,Syrian Arab Republic,2025-09-24 23:02:32
CUST-0734,Jennifer Cooper,todd88@example.com,Kuwait,2024-10-25 03:11:52
CUST-0735,Stephanie Parker,jeremy54@example.org,Cameroon,2025-01-09 07:29:16
CUST-0736,Tyler Montgomery,jennifermitchell@example.org,Taiwan,2026-06-21 01:51:08
CUST-0737,Rebecca Martin,williamsleslie@example.org,Kazakhstan,2024-08-18 06:52:14
CUST-0738,Daniel Mann,tiffany25@example.com,Mauritius,2024-03-19 08:15:53
CUST-0739,Barbara Johnson,dmack@example.com,Cape Verde,2023-07-17 10:17:23
CUST-0740,Kimberly Romero,thomas49@example.net,Cameroon,2025-12-04 19:32:41
CUST-0741,Tammy Morgan,dennisrachel@example.org,Philippines,2025-11-12 15:27:50
CUST-0742,Alexander Williamson,seandavis@example.org,New Caledonia,2026-04-02 00:03:19
CUST-0743,Joseph Harrington,james18@example.com,Philippines,2026-05-18 23:40:30
CUST-0744,Vanessa Foster,mstewart@example.net,Western Sahara,2023-10-05 19:47:35
CUST-0745,Heather Hernandez,xwood@example.org,Finland,2024-12-27 13:44:39
CUST-0746,William Sawyer,lewispamela@example.net,Israel,2025-05-28 03:56:42
CUST-0747,Robert Waller,achandler@example.org,Syrian Arab Republic,2026-01-07 21:50:46
CUST-0748,Briana Turner,carl96@example.org,Albania,2025-04-06 19:59:08
CUST-0749,Denise Thompson,wpage@example.org,Cook Islands,2024-04-24 17:00:30
CUST-0750,Donna Henry,mary47@example.net,Saint Vincent and the Grenadines,2025-06-29 16:55:24
CUST-0751,Rick Moore,stephanie71@example.net,Papua New Guinea,2024-09-29 16:00:40
CUST-0752,John Watts,anthonyhubbard@example.com,Bangladesh,2026-01-26 02:28:24
CUST-0753,Lauren Cunningham,courtney71@example.com,Malaysia,2025-12-20 09:34:17
CUST-0754,David Perkins,luisjohns@example.org,Guinea-Bissau,2024-03-20 10:46:55
CUST-0755,Isaac Fields,brandon48@example.net,Vietnam,2023-11-07 02:29:34
CUST-0756,Pamela White,georgegary@example.com,Tunisia,2024-11-12 23:21:57
CUST-0757,Melinda Turner,cody95@example.org,American Samoa,2024-02-08 12:01:55
CUST-0758,Jacqueline Washington,samantha21@example.org,Cape Verde,2025-08-30 17:39:40
CUST-0759,Colin Prince,butlersabrina@example.org,Svalbard & Jan Mayen Islands,2024-01-30 14:52:33
CUST-0760,Karen Collins,don79@example.net,Serbia,2024-12-23 02:33:12
CUST-0761,Eric Garner,walkermelissa@example.org,Portugal,2024-06-26 17:29:37
CUST-0762,Daniel Zavala,yvazquez@example.org,Belarus,2023-08-08 23:20:25
CUST-0763,Nicole Williams,johnsondonna@example.net,Bahamas,2025-07-08 10:50:38
CUST-0764,David Jones,websterkimberly@example.net,Costa Rica,2026-01-08 13:36:57
CUST-0765,Cathy Bell,thomasjulie@example.com,Yemen,2025-12-27 08:53:01
CUST-0766,Christopher Mason,williamjones@example.net,Serbia,2023-08-01 11:33:34
CUST-0767,Michelle Brandt,rachelmedina@example.net,Bolivia,2024-06-07 05:15:30
CUST-0768,Sarah Wells,scottrosario@example.org,Syrian Arab Republic,2025-01-11 22:55:20
CUST-0769,Mrs. Kayla Russell,david18@example.org,Lithuania,2025-01-21 22:34:47
CUST-0770,Kristin Williams,tristan64@example.com,Netherlands Antilles,2024-11-06 10:38:50
CUST-0771,Sarah Perez,broberts@example.org,Togo,2023-10-26 21:24:14
CUST-0772,Rebekah Crosby,harry71@example.com,Kazakhstan,2025-09-29 16:27:08
CUST-0773,Angela Thomas,gneal@example.net,Uzbekistan,2024-03-28 20:38:38
CUST-0774,William Morgan,bmartinez@example.net,Luxembourg,2024-09-15 10:06:09
CUST-0775,Pamela Wheeler,qkelly@example.net,Zambia,2025-03-30 00:56:12
CUST-0776,Ms. Brittany Gibson,kingtyler@example.net,Western Sahara,2024-02-04 20:45:03
CUST-0777,Oscar Greer,lgregory@example.com,Netherlands,2026-05-30 20:45:38
CUST-0778,Eric Hanson,guerreroapril@example.com,Somalia,2025-07-03 16:44:23
CUST-0779,Matthew Henry,amy88@example.org,Zambia,2023-08-28 20:15:53
CUST-0780,Sheryl Wilson MD,cramos@example.org,Christmas Island,2025-11-21 12:13:11
CUST-0781,Peggy Dyer,travistaylor@example.net,Iceland,2025-08-05 23:49:24
CUST-0782,Laura Henry,kalvarez@example.net,Azerbaijan,2025-03-09 18:04:13
CUST-0783,Kevin Gray,katie45@example.org,Antarctica (the territory South of 60 deg S),2026-01-13 00:15:30
CUST-0784,Russell Bailey,hubbardcolleen@example.com,Bhutan,2025-05-05 20:42:29
CUST-0785,Hunter Bell,johnwong@example.net,Belize,2026-06-13 12:21:36
CUST-0786,Eric Morgan,ryanbenjamin@example.net,Tonga,2025-04-27 01:07:23
CUST-0787,Stephanie Adams,uchapman@example.com,Montserrat,2025-03-08 01:39:17
CUST-0788,Brent Freeman,matthewshaw@example.net,Guadeloupe,2024-03-25 14:29:58
CUST-0789,Heidi Graham,yreid@example.org,Tajikistan,2025-10-20 03:31:37
CUST-0790,Derek Evans,nballard@example.net,Bermuda,2025-12-24 22:47:36
CUST-0791,George Jones,wsimmons@example.org,Pakistan,2024-10-21 15:51:32
CUST-0792,Elizabeth Alvarado,james64@example.net,Malaysia,2025-06-13 19:46:25
CUST-0793,Kimberly Ibarra,barbaralewis@example.net,Wallis and Futuna,2025-07-05 16:13:07
CUST-0794,Mark Lamb,umichael@example.net,Bahamas,2025-09-29 01:48:29
CUST-0795,Joel Allen,megan65@example.org,North Macedonia,2024-05-21 23:22:49
CUST-0796,Debra Mitchell,jonathanburke@example.com,Dominican Republic,2024-01-03 03:57:26
CUST-0797,Alexis Robles,steven86@example.com,Oman,2023-09-06 05:47:09
CUST-0798,Dominic Johnson,donna20@example.net,Libyan Arab Jamahiriya,2023-08-10 16:26:18
CUST-0799,Steven Edwards,michelle65@example.net,Palestinian Territory,2023-11-28 01:02:57
CUST-0800,Ryan Cameron,danielnavarro@example.org,Mali,2026-05-07 13:59:46
CUST-0801,Tiffany Huynh,tyler13@example.net,British Virgin Islands,2024-11-08 14:58:14
CUST-0802,Kevin Price,selenarobinson@example.org,China,2024-06-07 08:44:06
CUST-0803,Jessica King,henrynicholas@example.org,Ghana,2025-11-04 13:02:10
CUST-0804,Michael Richmond,michaelbaldwin@example.com,Angola,2026-04-08 08:21:09
CUST-0805,Lisa Skinner,vazquezkristina@example.org,El Salvador,2025-11-15 09:22:35
CUST-0806,Mark Haynes,nicholsjoel@example.com,Iceland,2023-07-22 23:27:22
CUST-0807,Jenna Spence,kevin34@example.org,Tokelau,2024-03-15 15:53:26
CUST-0808,Lynn Suarez,rmccormick@example.org,Swaziland,2025-08-12 13:47:16
CUST-0809,Jason Randall,gmcdowell@example.org,Qatar,2024-08-19 03:51:22
CUST-0810,Heather Guzman,shawn00@example.net,Norway,2024-04-21 04:29:46
CUST-0811,Rachel Taylor,,Morocco,2023-11-15 12:01:11
CUST-0812,David Reeves,melaniejennings@example.com,Korea,2025-07-22 20:56:39
CUST-0813,Brandi Thompson,lauren31@example.com,Heard Island and McDonald Islands,2024-04-18 07:30:34
CUST-0814,James Davenport,andrewjohnson@example.net,Oman,2026-02-15 11:19:05
CUST-0815,Susan Mccann,josechristian@example.org,Iran,2026-02-24 19:02:51
CUST-0816,David Davis,george91@example.org,Saint Barthelemy,2025-10-04 14:50:13
CUST-0817,Thomas Chavez,twilson@example.org,Comoros,2024-08-27 06:56:53
CUST-0818,Johnny Anderson,carolcarney@example.com,Saint Lucia,2026-05-27 17:36:34
CUST-0819,Christopher Sparks,,Korea,2024-07-30 12:09:04
CUST-0820,Michael Ellis,harrisonmonica@example.net,Indonesia,2026-06-11 17:54:07
CUST-0821,James Henderson,charles80@example.org,Grenada,2024-07-09 13:42:36
CUST-0822,Hector Obrien,smithwilliam@example.com,Gabon,2025-03-14 21:33:01
CUST-0823,Brandi Mcclain,carpenterjorge@example.net,Lithuania,2024-12-18 15:36:42
CUST-0824,Bonnie Stewart,hthomas@example.com,Aruba,2024-01-25 09:34:53
CUST-0825,Dr. Douglas Ward MD,chloe48@example.com,Jordan,2024-03-23 01:13:45
CUST-0826,Zachary Gallagher,angelalivingston@example.net,South Georgia and the South Sandwich Islands,2025-05-24 06:11:16
CUST-0827,Charles Hall,harrisonfrank@example.com,Jordan,2024-01-06 23:52:35
CUST-0828,Tammy Williams MD,hellis@example.net,Tonga,2024-02-25 18:01:44
CUST-0829,Brandon Oneill,marybrady@example.com,Mongolia,2026-05-05 21:45:04
CUST-0830,Lauren Bonilla,robertjones@example.com,Philippines,2023-12-04 06:08:24
CUST-0831,Allison Maldonado,longbrittany@example.org,Taiwan,2024-11-24 08:34:12
CUST-0832,Brad Rivas,rgibson@example.net,Palestinian Territory,2023-07-19 18:37:34
CUST-0833,Andrew Dean,unguyen@example.net,United States of America,2025-12-10 21:57:04
CUST-0834,Scott Solis,marcus01@example.net,Zambia,2026-01-31 09:14:32
CUST-0835,James Thompson,ndavis@example.org,Iceland,2025-03-26 20:36:20
CUST-0836,Paul Valdez,evanslaurie@example.net,Sri Lanka,2024-11-03 11:36:04
CUST-0837,Lindsey Howard,collierwilliam@example.com,Kiribati,2025-03-04 15:12:46
CUST-0838,Justin Henderson,nshepherd@example.org,Jordan,2026-03-16 11:52:28
CUST-0839,Andrew Peterson,prhodes@example.net,Rwanda,2024-03-07 15:36:14
CUST-0840,Kelsey Holland,robertssamuel@example.com,French Southern Territories,2024-02-26 14:38:23
CUST-0841,Miss Elizabeth Wright,dphillips@example.net,Belarus,2023-09-18 19:26:47
CUST-0842,Kayla Gutierrez,kguerrero@example.com,Guinea,2024-08-09 16:03:49
CUST-0843,Patricia Smith,lwhite@example.com,Aruba,2023-11-17 03:29:02
CUST-0844,Michael Edwards,ctodd@example.net,Sri Lanka,2024-08-25 12:52:34
CUST-0845,Thomas Patrick,jacobburgess@example.net,Eritrea,2026-05-21 20:41:06
CUST-0846,Joseph Smith,smithdiana@example.com,Puerto Rico,2025-03-31 01:05:45
CUST-0847,Tracy Guzman,nturner@example.com,Portugal,2026-05-22 11:23:18
CUST-0848,Megan Ballard,martinezalexander@example.org,Suriname,2023-08-04 10:25:53
CUST-0849,Chelsea Johnson,pwong@example.org,Jordan,2026-03-09 07:21:48
CUST-0850,Kimberly Miller,bhernandez@example.org,Brazil,2024-03-24 19:02:53
CUST-0851,Nancy Wallace,cruiz@example.net,Ecuador,2024-05-18 12:37:37
CUST-0852,Ronald Myers,alan66@example.com,Saint Pierre and Miquelon,2025-12-25 16:14:32
CUST-0853,Kristen Roberts,gross@example.net,Saint Kitts and Nevis,2026-02-14 16:23:00
CUST-0854,Susan Dillon,jenniferrice@example.com,Morocco,2024-11-12 09:56:01
CUST-0855,Debra Wong,nwilson@example.net,Guatemala,2025-06-06 04:58:07
CUST-0856,Alisha Roberts,taylorkim@example.net,Cyprus,2026-01-08 15:41:28
CUST-0857,Gina Guzman,sanderson@example.net,Rwanda,2025-03-08 04:16:51
CUST-0858,Sandra Nunez,laura29@example.org,Finland,2026-06-17 17:15:27
CUST-0859,Mary Anderson,ericvasquez@example.com,Western Sahara,2025-08-15 17:35:30
CUST-0860,Daniel Williams,howardjose@example.net,Cayman Islands,2024-04-07 04:01:34
CUST-0861,Stephanie Johnson,morgandaniel@example.org,British Indian Ocean Territory (Chagos Archipelago),2025-11-29 18:22:25
CUST-0862,David Peterson,kayla84@example.org,Timor-Leste,2026-06-16 20:18:21
CUST-0863,Lindsey Garcia,housesamuel@example.com,Tajikistan,2023-12-30 01:59:17
CUST-0864,Rachael Lynch,colonbobby@example.org,Chad,2026-03-15 07:32:04
CUST-0865,Daniel Ward,jean87@example.net,Trinidad and Tobago,2023-12-12 00:08:39
CUST-0866,Jack Fuentes,allisonscott@example.com,Seychelles,2023-07-20 23:47:21
CUST-0867,Robert Peterson,christopherwatson@example.com,Guyana,2026-03-14 13:25:32
CUST-0868,Brittany Molina,icobb@example.com,Isle of Man,2025-04-06 14:20:38
CUST-0869,Tiffany Black,sherry72@example.org,Saint Barthelemy,2025-09-21 10:20:38
CUST-0870,Angela Edwards,ryanlong@example.org,Panama,2026-04-02 05:45:48
CUST-0871,Kenneth Levine,robert84@example.net,Samoa,2024-11-09 01:35:33
CUST-0872,Aimee Ramirez,isabellagriffin@example.org,Tuvalu,2025-11-02 11:49:57
CUST-0873,Lisa Ramos,pam63@example.com,Belize,2023-09-06 04:32:04
CUST-0874,Jean Higgins,abigailfernandez@example.org,Bermuda,2025-09-12 14:41:12
CUST-0875,Kelly Sherman,andrewzamora@example.net,Nauru,2024-08-15 14:51:20
CUST-0876,Raymond Barber,dennismckenzie@example.com,Niue,2025-09-06 03:08:05
CUST-0877,Anthony Curtis,westashley@example.org,Korea,2024-12-18 08:17:16
CUST-0878,Dr. Virginia Cunningham,michaelmitchell@example.net,Montserrat,2026-05-20 08:20:09
CUST-0879,James Mclaughlin,murphybrandi@example.com,Korea,2023-12-09 23:26:16
CUST-0880,Jeffery Jenkins,brownpamela@example.com,Croatia,2025-06-02 20:23:22
CUST-0881,Michael Powell,lwiggins@example.com,North Macedonia,2025-04-28 12:30:36
CUST-0882,Melissa Gould PhD,jcolon@example.net,Brunei Darussalam,2025-08-01 19:30:48
CUST-0883,Beverly Bush,bensonstanley@example.org,San Marino,2024-03-10 09:35:39
CUST-0884,Jaclyn Crane,xrodriguez@example.net,French Guiana,2023-09-11 08:00:49
CUST-0885,Autumn Torres,kevin70@example.org,Cambodia,2026-01-11 16:58:18
CUST-0886,Timothy Torres,jason70@example.org,Mexico,2025-01-02 08:45:41
CUST-0887,Andrew Olson,ariel56@example.com,Syrian Arab Republic,2026-02-05 16:40:53
CUST-0888,Charles Fields,jcontreras@example.net,Greece,2023-11-26 12:05:25
CUST-0889,Mary Ortiz,rachelmorgan@example.org,Paraguay,2025-05-29 02:00:37
CUST-0890,Maria Cline,armstronglaura@example.net,Georgia,2025-11-28 07:26:10
CUST-0891,Maria Miller,bernardaimee@example.com,Macao,2023-08-08 18:02:01
CUST-0892,Timothy White,hilljamie@example.net,Taiwan,2025-12-27 01:28:45
CUST-0893,Robert Lawson,fchapman@example.org,Guam,2025-05-19 15:22:37
CUST-0894,Alexander Rice,hscott@example.org,Mauritius,2024-03-27 23:29:47
CUST-0895,Clayton Tate,kristopherrussell@example.org,Bahamas,2026-02-19 07:29:27
CUST-0896,Catherine Reeves,peter52@example.com,Uganda,2024-11-25 09:54:07
CUST-0897,Todd Lam,harriskaren@example.net,Dominica,2025-08-14 13:47:32
CUST-0898,Kathy Avery,bruce78@example.com,Bahrain,2025-07-31 21:24:32
CUST-0899,Mark Mcintyre,adamstabitha@example.net,Bolivia,2024-07-27 09:30:58
CUST-0900,Marisa Martinez,ogriffin@example.net,Costa Rica,2024-02-16 22:00:51
CUST-0901,William Casey,jali@example.com,Armenia,2023-07-12 07:30:31
CUST-0902,Tonya Oliver,aaronmahoney@example.com,Faroe Islands,2026-01-24 12:18:43
CUST-0903,Michael Kidd,brendadixon@example.org,Central African Republic,2025-10-17 10:28:42
CUST-0904,Elizabeth Foster,rivasjessica@example.com,Turkey,2025-05-11 18:54:48
CUST-0905,Jonathan Pham,cynthia74@example.org,Panama,2024-11-21 09:43:47
CUST-0906,Joe Greene,sloandennis@example.org,New Caledonia,2025-07-20 00:28:25
CUST-0907,Adam Thompson,ifarmer@example.org,Solomon Islands,2026-04-14 02:17:13
CUST-0908,Kimberly Stafford,wchambers@example.com,Sweden,2026-01-29 20:40:51
CUST-0909,Christopher Tate,martinezmitchell@example.org,Kenya,2023-07-25 07:16:33
CUST-0910,Alejandro Campbell,james94@example.net,Cyprus,2024-07-08 15:57:20
CUST-0911,Tracy Johnson,tconway@example.net,Cote d'Ivoire,2023-07-21 20:12:49
CUST-0912,Roberto Foster,ashley72@example.net,Congo,2026-04-30 18:44:45
CUST-0913,Megan Morrison,cameronanderson@example.org,Brunei Darussalam,2024-08-17 01:41:19
CUST-0914,Savannah Ibarra,james08@example.net,El Salvador,2026-06-02 03:47:22
CUST-0915,Jordan Pace,nashmarcus@example.com,Falkland Islands (Malvinas),2024-01-15 20:09:04
CUST-0916,Julie Ward,stephensonjeffrey@example.com,Uruguay,2025-04-23 07:14:08
CUST-0917,Emily Myers,christopher90@example.net,Czech Republic,2026-06-15 22:26:07
CUST-0918,Benjamin Wright,markbrown@example.net,Bhutan,2023-08-23 01:21:29
CUST-0919,Robert Watkins,mary31@example.com,Dominican Republic,2024-12-21 04:12:17
CUST-0920,Samantha Stone,sherryparsons@example.net,Kazakhstan,2023-12-06 09:03:02
CUST-0921,Lauren Miller,rangelnicholas@example.net,Bahrain,2024-01-24 21:03:56
CUST-0922,Robert Brown,rjones@example.org,Monaco,2023-09-29 20:27:39
CUST-0923,James Davis,mhall@example.net,Nigeria,2023-07-27 05:37:38
CUST-0924,John Patterson,morgansharon@example.org,Korea,2025-09-21 05:16:51
CUST-0925,Corey Garcia,watkinsmary@example.net,Brunei Darussalam,2026-03-26 20:49:44
CUST-0926,Heather Olson,ilopez@example.org,Bahamas,2024-01-25 02:28:12
CUST-0927,Jeffrey Moyer,larry82@example.org,Latvia,2024-11-01 06:24:10
CUST-0928,Donna Cordova,brianhunter@example.net,Togo,2023-10-03 14:05:38
CUST-0929,Craig Gonzalez,kristenpeterson@example.net,Lebanon,2026-06-24 01:31:16
CUST-0930,Julie Schwartz,,Bosnia and Herzegovina,2025-06-15 11:47:46
CUST-0931,Susan Crawford,fowlerheather@example.com,Nigeria,2024-06-05 20:33:58
CUST-0932,Nicholas Cisneros,lindsay63@example.com,Colombia,2023-07-21 04:55:38
CUST-0933,Benjamin Johnson,thomasscott@example.net,Myanmar,2025-01-19 20:34:32
CUST-0934,Allen Gonzalez,jefferygreen@example.org,Guadeloupe,2025-11-18 03:37:47
CUST-0935,Craig Thompson,renee02@example.com,Palau,2023-12-30 03:24:40
CUST-0936,Daniel Bryant,lisa28@example.net,Turkmenistan,2025-05-14 12:22:04
CUST-0937,Ana Thomas,lauralee@example.com,Puerto Rico,2025-02-11 03:26:08
CUST-0938,Jeffrey Fields,hinesbrenda@example.net,French Polynesia,2024-02-26 13:09:46
CUST-0939,Anthony Flynn,melissaschmitt@example.com,Cote d'Ivoire,2023-11-14 05:17:08
CUST-0940,Rachel Mendez,williampotter@example.net,Sao Tome and Principe,2025-09-08 16:59:31
CUST-0941,Joseph White,alicia77@example.com,Ethiopia,2025-12-29 14:23:48
CUST-0942,Thomas Silva,clarkpatricia@example.com,Tokelau,2024-07-08 20:40:39
CUST-0943,Eric Oneal,selenabrooks@example.net,Belize,2024-02-04 10:23:01
CUST-0944,Elizabeth Stone,brandymarshall@example.net,Guadeloupe,2025-05-02 16:26:00
CUST-0945,Jeffrey Richardson,ystewart@example.org,Christmas Island,2025-05-26 21:31:38
CUST-0946,Matthew Howard,phillipswarren@example.net,Norway,2023-11-09 04:09:56
CUST-0947,Tammy Garcia,wardamy@example.com,Congo,2026-05-24 12:00:43
CUST-0948,Eric Ochoa,james92@example.net,Saint Vincent and the Grenadines,2025-10-31 11:22:40
CUST-0949,Alexa Evans,krista66@example.net,Saudi Arabia,2026-04-23 17:51:31
CUST-0950,Matthew Hays,michelleperez@example.net,San Marino,2024-05-31 18:53:40
CUST-0951,Jose Hartman,dsharp@example.com,Somalia,2023-11-21 03:52:14
CUST-0952,Cole Carrillo,cclark@example.net,Antarctica (the territory South of 60 deg S),2025-02-11 20:01:17
CUST-0953,Shane Torres,porterdonna@example.com,Guadeloupe,2024-06-25 01:05:13
CUST-0954,Michael Powell,mark09@example.org,Uzbekistan,2024-02-11 21:30:20
CUST-0955,Troy Rivera,nbaird@example.com,Bahrain,2025-10-18 01:26:23
CUST-0956,John Murphy,tfowler@example.org,Chile,2023-12-19 19:15:49
CUST-0957,Cassandra Serrano,mjohnson@example.org,United States Minor Outlying Islands,2025-03-01 05:21:43
CUST-0958,David Keller,gibsonmiguel@example.org,Chile,2024-11-29 09:07:56
CUST-0959,Jennifer Moore,andersonrobert@example.net,Bangladesh,2025-03-06 00:53:34
CUST-0960,Sharon Anderson,kylemeyers@example.net,Lebanon,2024-03-13 09:58:50
CUST-0961,Teresa Matthews,ahill@example.org,Kiribati,2023-10-18 03:09:45
CUST-0962,Lisa Wright,renee77@example.com,Morocco,2023-09-09 11:22:23
CUST-0963,Donna Ibarra,treed@example.com,India,2026-02-17 01:30:31
CUST-0964,Sarah Perry,rachelquinn@example.com,Hungary,2026-04-29 14:28:17
CUST-0965,Keith Long,allenmonica@example.com,Turkmenistan,2026-03-12 10:49:32
CUST-0966,Mary Jones,reginajenkins@example.net,British Virgin Islands,2025-02-02 13:30:52
CUST-0967,Brian Miranda,robert24@example.org,Madagascar,2023-09-18 02:18:22
CUST-0968,Benjamin Neal,vjames@example.com,Togo,2024-05-07 18:04:39
CUST-0969,Adam Wilson,,Kyrgyz Republic,2023-10-24 18:15:10
CUST-0970,Matthew Reeves,rtaylor@example.org,Chile,2023-08-07 19:44:26
CUST-0971,Cassandra Martinez,qjackson@example.org,Philippines,2024-09-07 05:46:10
CUST-0972,Hunter Robinson,,Qatar,2023-09-22 22:39:36
CUST-0973,Robin Davidson,myerskyle@example.org,Netherlands Antilles,2023-07-18 00:08:16
CUST-0974,James Harris,nicholasallen@example.org,Andorra,2025-04-25 19:39:30
CUST-0975,Adrian Hoover,walkernicole@example.net,Chad,2024-03-26 06:09:35
CUST-0976,Jose Ochoa,anna39@example.org,Vietnam,2025-10-29 06:19:31
CUST-0977,Jeffrey Hall,kellyglenn@example.com,Palau,2024-11-13 00:28:36
CUST-0978,Daniel Robinson,debra50@example.org,Turks and Caicos Islands,2024-06-14 06:43:33
CUST-0979,Randall Porter,marquezkylie@example.net,Chile,2024-08-05 03:11:46
CUST-0980,Lindsay Jarvis,xgregory@example.net,Burkina Faso,2024-12-07 13:46:45
CUST-0981,Philip Watts,bjones@example.net,United States Minor Outlying Islands,2026-01-04 13:56:37
CUST-0982,Jorge Harmon,hallchristina@example.org,Georgia,2024-07-11 23:40:49
CUST-0983,Nicole Harvey,taylorvictor@example.org,Canada,2025-02-13 11:05:07
CUST-0984,Andrew Mclean,vstevenson@example.org,Fiji,2024-11-15 00:53:09
CUST-0985,Paige Meyer,swong@example.org,Denmark,2024-12-06 08:50:15
CUST-0986,Daniel Brown,lauriehorton@example.org,New Caledonia,2025-02-22 09:00:45
CUST-0987,Catherine Soto,kanechad@example.org,Austria,2026-03-22 05:06:03
CUST-0988,Teresa Martinez MD,joelmiller@example.net,Lao People's Democratic Republic,2024-11-05 14:22:04
CUST-0989,Craig Coleman,kevinray@example.net,Cook Islands,2024-09-05 01:53:28
CUST-0990,Karen Tapia,raymond27@example.com,Jamaica,2025-09-02 16:51:30
CUST-0991,Jessica Moore,ysmith@example.com,Timor-Leste,2023-11-17 01:19:56
CUST-0992,Tammy Larson,angelathompson@example.com,Kyrgyz Republic,2024-10-27 20:59:59
CUST-0993,James Obrien,cookjennifer@example.org,Cape Verde,2024-04-30 07:56:58
CUST-0994,Scott Cross,travis66@example.net,Holy See (Vatican City State),2025-02-26 08:08:22
CUST-0995,Martin Chapman MD,riddledavid@example.net,Central African Republic,2024-05-07 11:32:19
CUST-0996,Tina Wise,william75@example.net,Azerbaijan,2026-04-16 21:44:01
CUST-0997,Jeff Wright,xjohnson@example.net,Romania,2026-05-26 13:09:39
CUST-0998,Max Hernandez,jblackburn@example.com,Egypt,2026-01-31 03:56:26
CUST-0999,Mary Martin,wisedawn@example.com,Indonesia,2026-01-06 07:49:52
CUST-1000,Angela Kent,bmartin@example.com,Puerto Rico,2024-10-22 05:44:55
CUST-0643,Megan Nelson,joshuasmith@example.net,Monaco,2025-09-16 07:45:26
CUST-0763,Nicole Williams,johnsondonna@example.net,Bahamas,2025-07-08 10:50:38
CUST-0910,Alejandro Campbell,james94@example.net,Cyprus,2024-07-08 15:57:20
CUST-0200,Christopher Donovan,michaeleverett@example.com,Tanzania,2023-11-10 06:17:49
CUST-0587,Mr. James Duncan,johnadams@example.com,Gibraltar,2026-06-08 11:04:06
CUST-0798,Dominic Johnson,donna20@example.net,Libyan Arab Jamahiriya,2023-08-10 16:26:18
CUST-0653,Rachel Graham,amy32@example.net,Paraguay,2023-11-08 18:18:01
CUST-0756,Pamela White,georgegary@example.com,Tunisia,2024-11-12 23:21:57
CUST-0417,Jeffrey Patterson,creyes@example.net,Cook Islands,2025-02-09 08:24:54
CUST-0499,Ronald Burke,cindydixon@example.org,Saint Kitts and Nevis,2026-06-09 18:52:40
CUST-0515,Christopher Shea,zgomez@example.com,Namibia,2024-05-16 22:17:56
CUST-0457,Sean Stevenson,juliahoffman@example.org,Malawi,2026-06-26 03:44:17
CUST-0882,Melissa Gould PhD,jcolon@example.net,Brunei Darussalam,2025-08-01 19:30:48
CUST-0531,Michelle Brock,mchase@example.org,South Georgia and the South Sandwich Islands,2024-02-28 01:44:32
CUST-0181,Harold Morgan,mariacohen@example.net,Lesotho,2026-03-18 03:00:22
CUST-0450,Erica Keith,spetty@example.org,Falkland Islands (Malvinas),2025-03-19 19:51:18
CUST-0753,Lauren Cunningham,courtney71@example.com,Malaysia,2025-12-20 09:34:17
CUST-0810,Heather Guzman,shawn00@example.net,Norway,2024-04-21 04:29:46
CUST-0267,Daisy Harvey,lisa46@example.org,Holy See (Vatican City State),2025-04-01 11:59:08
CUST-0059,James Hernandez,calebrussell@example.net,Lao People's Democratic Republic,2025-04-16 15:22:25
