product_id,product_name,category,price
PROD-001,Profit-focused national protocol,Electronics,17.38
PROD-002,Multi-tiered optimizing function,home,126.22
PROD-003,Upgradable incremental system engine,Clothing,369.55
PROD-004,Upgradable background benchmark,books,48.03
PROD-005,Sharable object-oriented time-frame,Sports,20.73
PROD-006,Monitored client-server flexibility,Electronics,113.23
PROD-007,User-friendly demand-driven synergy,Books,303.0
PROD-008,Object-based tangible function,Books,103.42
PROD-009,Adaptive composite matrix,Books,212.66
PROD-010,Adaptive bandwidth-monitored architecture,Sports,296.69
PROD-011,Vision-oriented tangible instruction set,Electronics,380.61
PROD-012,Progressive intangible projection,Clothing ,350.58
PROD-013,Horizontal upward-trending Internet solution,HOME,142.55
PROD-014,Down-sized context-sensitive hub,Clothing,478.82
PROD-015,Enterprise-wide tertiary challenge,Home,55.59
PROD-016,Exclusive mobile contingency,Sports,52.87
PROD-017,Profit-focused bifurcated knowledge user,Home,303.84
PROD-018,Re-contextualized didactic contingency,electronics,366.22
PROD-019,Exclusive analyzing synergy,Books,66.79
PROD-020,Enterprise-wide well-modulated core,Sports,44.01
PROD-021,Fundamental incremental intranet,Home,415.56
PROD-022,Self-enabling regional benchmark,Books,443.3
PROD-023,Sharable composite artificial intelligence,Home,290.79
PROD-024,Implemented attitude-oriented implementation,ELECTRONICS,27.68
PROD-025,Decentralized even-keeled architecture,Clothing,387.67
PROD-026,Mandatory 4thgeneration paradigm,Electronics,428.38
PROD-027,Front-line mission-critical matrix,Electronics,193.16
PROD-028,Synergistic well-modulated attitude,Sports,319.66
PROD-029,Advanced analyzing flexibility,Home,85.51
PROD-030,Versatile 24hour secured line,HOME,108.71
PROD-031,Reduced 6thgeneration attitude,Home,
PROD-032,Extended multi-state utilization,Electronics,306.52
PROD-033,Adaptive homogeneous portal,Clothing,269.4
PROD-034,Programmable well-modulated flexibility,Clothing ,85.88
PROD-035,Pre-emptive methodical system engine,Sports,138.62
PROD-036,Mandatory real-time interface,Books,113.71
PROD-037,Mandatory holistic software,Home,422.21
PROD-038,Mandatory foreground encoding,Electronics,118.38
PROD-039,Multi-lateral static initiative,Electronics,403.5
PROD-040,Multi-tiered reciprocal approach,SPORTS,137.53
PROD-041,Multi-channeled full-range workforce,Clothing,457.0
PROD-042,Cross-platform 24hour knowledgebase,Books,438.8
PROD-043,Total impactful success,Home,110.25
PROD-044,Devolved 4thgeneration portal,Sports,200.84
PROD-045,Decentralized multi-tasking focus group,Sports ,75.72
PROD-046,Total web-enabled encryption,Clothing,127.08
PROD-047,Multi-layered local process improvement,Books,271.79
PROD-048,Synergized stable leverage,Books,217.07
PROD-049,Profound incremental protocol,Books,202.7
PROD-050,Ergonomic 24hour productivity,Clothing,498.68
PROD-051,Inverse 3rdgeneration productivity,Clothing,257.22
PROD-052,Multi-lateral 6thgeneration workforce,Electronics,379.11
PROD-053,User-centric fresh-thinking service-desk,Electronics,80.66
PROD-054,Organic discrete portal,Clothing,397.08
PROD-055,Pre-emptive impactful support,Sports,300.22
PROD-056,Seamless attitude-oriented hardware,SPORTS,193.9
PROD-057,Optimized methodical protocol,Sports,266.91
PROD-058,Total bandwidth-monitored superstructure,Books,431.09
PROD-059,Networked explicit portal,Electronics,341.74
PROD-060,Ergonomic transitional circuit,Electronics,342.45
PROD-061,Programmable object-oriented toolset,Books,376.68
PROD-062,Universal motivating alliance,Home,60.22
PROD-063,De-engineered modular utilization,Sports ,83.29
PROD-064,Cross-group exuding service-desk,Electronics,477.14
PROD-065,Reactive maximized concept,Home,486.08
PROD-066,Organized bifurcated matrices,Clothing,256.3
PROD-067,Switchable needs-based encoding,Electronics,435.91
PROD-068,Fully-configurable didactic concept,Home,421.63
PROD-069,Versatile stable standardization,Books,306.44
PROD-070,Cross-group bi-directional Internet solution,Clothing,190.09
PROD-071,Universal 4thgeneration complexity,Clothing,271.99
PROD-072,Inverse human-resource throughput,Books,459.65
PROD-073,Grass-roots directional success,Books,165.46
PROD-074,Function-based static leverage,Electronics,60.37
PROD-075,Synchronized bottom-line secured line,Home,439.97
PROD-076,Devolved national productivity,Home,123.53
PROD-077,Up-sized mobile array,Clothing,439.61
PROD-078,Team-oriented full-range definition,Electronics,47.4
PROD-079,Re-engineered zero administration policy,Sports,408.93
PROD-080,Cloned secondary Graphical User Interface,Books,384.09
PROD-081,Multi-tiered transitional synergy,Clothing,331.58
PROD-082,User-centric uniform implementation,Books,86.74
PROD-083,Streamlined secondary toolset,Books,436.85
PROD-084,Realigned intermediate workforce,Sports,
PROD-085,Focused directional firmware,Books,378.86
PROD-086,Customizable explicit array,Clothing,357.91
PROD-087,Customizable background Graphical User Interface,sports,497.6
PROD-088,User-centric optimizing core,Home,221.86
PROD-089,User-friendly bifurcated orchestration,Books,228.49
PROD-090,Multi-layered clear-thinking functionalities,Clothing,116.23
PROD-091,Multi-tiered object-oriented support,Home,15.41
PROD-092,Adaptive fault-tolerant approach,Books,118.91
PROD-093,Reverse-engineered national core,Clothing,8.56
PROD-094,Networked interactive functionalities,Electronics,118.33
PROD-095,Visionary high-level website,Electronics,430.52
PROD-096,Synergistic clear-thinking model,Electronics,259.51
PROD-097,Switchable real-time parallelism,Home,336.14
PROD-098,Face-to-face bi-directional infrastructure,Clothing,271.92
PROD-099,Advanced national knowledgebase,Books ,290.22
PROD-100,Intuitive client-server frame,CLOTHING,393.39
