payment_id,order_id,amount,status,quality_flag
PAY-00003,ORD-00003,80.66,completed,orphan_payment
PAY-00004,ORD-00004,964.72,completed,orphan_payment
PAY-00021,ORD-00021,541.98,pending,orphan_payment
PAY-00039,ORD-00039,482.36,completed,orphan_payment
PAY-00041,ORD-00041,732.44,completed,orphan_payment
PAY-00059,ORD-00059,1057.2,completed,orphan_payment
PAY-00081,ORD-00081,2017.5,completed,orphan_payment
PAY-00089,ORD-00089,3858.88,completed,orphan_payment
PAY-00090,ORD-00090,1067.64,completed,orphan_payment
PAY-00110,ORD-00110,1883.4,completed,orphan_payment
PAY-00113,ORD-00113,2819.2,completed,orphan_payment
PAY-00121,ORD-00121,1162.3,completed,orphan_payment
PAY-00139,ORD-00139,482.36,completed,orphan_payment
PAY-00148,ORD-00148,3483.2,completed,orphan_payment
PAY-00151,ORD-00151,581.15,failed,orphan_payment
PAY-00157,ORD-00157,1551.2,completed,orphan_payment
PAY-00171,ORD-00171,2466.8,completed,orphan_payment
PAY-00193,ORD-00193,2424.0,completed,orphan_payment
PAY-00197,ORD-00197,1614.0,completed,orphan_payment
PAY-00228,ORD-00228,693.92,completed,orphan_payment
PAY-00230,ORD-00230,220.5,completed,orphan_payment
PAY-00249,ORD-00249,240.88,completed,orphan_payment
PAY-00251,ORD-00251,1318.83,completed,orphan_payment
PAY-00263,ORD-00263,186.57,failed,orphan_payment
PAY-00267,ORD-00267,964.72,completed,orphan_payment
PAY-00273,ORD-00273,1762.0,pending,orphan_payment
PAY-00284,ORD-00284,693.92,completed,orphan_payment
PAY-00291,ORD-00291,3524.0,completed,orphan_payment
PAY-00305,ORD-00305,415.86,completed,orphan_payment
PAY-00314,ORD-00314,1216.2,completed,orphan_payment
PAY-00332,ORD-00332,1366.96,completed,orphan_payment
PAY-00337,ORD-00337,1278.64,completed,orphan_payment
PAY-00340,ORD-00340,570.27,completed,orphan_payment
PAY-00342,ORD-00342,504.88,completed,orphan_payment
PAY-00352,ORD-00352,951.28,completed,orphan_payment
PAY-00359,ORD-00359,4341.24,completed,orphan_payment
PAY-00369,ORD-00369,2757.9,completed,orphan_payment
PAY-00392,ORD-00392,1868.37,completed,orphan_payment
PAY-00400,ORD-00400,958.98,completed,orphan_payment
PAY-00407,ORD-00407,739.1,completed,orphan_payment
PAY-00452,ORD-00452,3376.52,completed,orphan_payment
PAY-00454,ORD-00454,2757.9,completed,orphan_payment
PAY-00458,ORD-00458,166.08,completed,orphan_payment
PAY-00473,ORD-00473,2031.54,completed,orphan_payment
PAY-00477,ORD-00477,434.14,completed,orphan_payment
PAY-00488,ORD-00488,66.79,failed,orphan_payment
PAY-00494,ORD-00494,277.95,completed,orphan_payment
PAY-00499,ORD-00499,1057.2,completed,orphan_payment
PAY-00501,ORD-00501,2466.8,completed,orphan_payment
PAY-00512,ORD-00512,3494.8,completed,orphan_payment
PAY-00516,ORD-00516,428.38,completed,orphan_payment
PAY-00521,ORD-00521,2411.8,completed,orphan_payment
PAY-00538,ORD-00538,2114.4,completed,orphan_payment
PAY-00541,ORD-00541,1736.56,pending,orphan_payment
PAY-00542,ORD-00542,890.07,completed,orphan_payment
PAY-00550,ORD-00550,105.74,completed,orphan_payment
PAY-00558,ORD-00558,2862.84,completed,orphan_payment
PAY-00570,ORD-00570,158.61,completed,orphan_payment
PAY-00572,ORD-00572,92.46,pending,orphan_payment
PAY-00580,ORD-00580,165.46,completed,orphan_payment
PAY-00582,ORD-00582,4823.6,completed,orphan_payment
PAY-00593,ORD-00593,3656.0,completed,orphan_payment
PAY-00596,ORD-00596,4986.8,completed,orphan_payment
PAY-00603,ORD-00603,3524.0,completed,orphan_payment
PAY-00609,ORD-00609,113.23,completed,orphan_payment
PAY-00616,ORD-00616,667.9,completed,orphan_payment
PAY-00631,ORD-00631,541.98,pending,orphan_payment
PAY-00649,ORD-00649,42.8,pending,orphan_payment
PAY-00664,ORD-00664,3858.88,completed,orphan_payment
PAY-00665,ORD-00665,2411.8,completed,orphan_payment
PAY-00667,ORD-00667,2902.2,completed,orphan_payment
PAY-00670,ORD-00670,145.11,completed,orphan_payment
PAY-00686,ORD-00686,1762.0,completed,orphan_payment
PAY-00689,ORD-00689,1087.16,completed,orphan_payment
PAY-00706,ORD-00706,222.36,completed,orphan_payment
PAY-00721,ORD-00721,2894.16,completed,orphan_payment
PAY-00724,ORD-00724,17.38,pending,orphan_payment
PAY-00738,ORD-00738,1210.5,completed,orphan_payment
PAY-00741,ORD-00741,370.59,completed,orphan_payment
PAY-00743,ORD-00743,2121.0,completed,orphan_payment
PAY-00764,ORD-00764,772.92,completed,orphan_payment
PAY-00792,ORD-00792,176.04,completed,orphan_payment
PAY-00811,ORD-00811,2466.8,pending,orphan_payment
PAY-00819,ORD-00819,978.39,completed,orphan_payment
PAY-00838,ORD-00838,693.1,pending,orphan_payment
PAY-00841,ORD-00841,1483.45,pending,orphan_payment
PAY-00845,ORD-00845,2572.2,completed,orphan_payment
PAY-00847,ORD-00847,1447.08,completed,orphan_payment
PAY-00859,ORD-00859,346.96,completed,orphan_payment
PAY-00870,ORD-00870,631.1,completed,orphan_payment
PAY-00926,ORD-00926,3524.0,completed,orphan_payment
PAY-00928,ORD-00928,3002.2,pending,orphan_payment
PAY-00929,ORD-00929,772.64,failed,orphan_payment
PAY-00943,ORD-00943,1281.5,completed,orphan_payment
PAY-00950,ORD-00950,815.97,completed,orphan_payment
PAY-00957,ORD-00957,1447.08,completed,orphan_payment
PAY-00962,ORD-00962,964.72,completed,orphan_payment
PAY-00996,ORD-00996,1286.1,failed,orphan_payment
PAY-00998,ORD-00998,232.46,completed,orphan_payment
PAY-01030,ORD-01030,3032.88,completed,orphan_payment
PAY-01032,ORD-01032,2804.64,completed,orphan_payment
PAY-01052,ORD-01052,515.28,completed,orphan_payment
PAY-01114,ORD-01114,520.44,completed,orphan_payment
PAY-01129,ORD-01129,478.82,pending,orphan_payment
PAY-01130,ORD-01130,3490.76,completed,orphan_payment
PAY-01141,ORD-01141,4823.6,completed,orphan_payment
PAY-01169,ORD-01169,1008.42,completed,orphan_payment
PAY-01170,ORD-01170,1773.2,completed,orphan_payment
PAY-01173,ORD-01173,2637.66,completed,orphan_payment
PAY-01175,ORD-01175,3490.76,completed,orphan_payment
PAY-01197,ORD-01197,2804.64,completed,orphan_payment
PAY-01202,ORD-01202,3295.98,completed,orphan_payment
PAY-01222,ORD-01222,1216.2,completed,orphan_payment
PAY-01231,ORD-01231,2411.8,completed,orphan_payment
PAY-01238,ORD-01238,61.64,completed,orphan_payment
PAY-01240,ORD-01240,2451.52,completed,orphan_payment
PAY-01247,ORD-01247,1297.55,completed,orphan_payment
PAY-01283,ORD-01283,1599.43,completed,orphan_payment
PAY-01297,ORD-01297,352.4,completed,orphan_payment
PAY-01306,ORD-01306,3483.2,completed,orphan_payment
PAY-01330,ORD-01330,378.66,completed,orphan_payment
PAY-01333,ORD-01333,1762.0,completed,orphan_payment
PAY-01334,ORD-01334,4374.72,completed,orphan_payment
PAY-01339,ORD-01339,964.72,completed,orphan_payment
PAY-01342,ORD-01342,237.0,completed,orphan_payment
PAY-01374,ORD-01374,1278.64,completed,orphan_payment
PAY-01392,ORD-01392,1762.0,completed,orphan_payment
PAY-01444,ORD-01444,591.9,failed,orphan_payment
PAY-01461,ORD-01461,873.7,completed,orphan_payment
PAY-01465,ORD-01465,964.72,completed,orphan_payment
PAY-01485,ORD-01485,2572.2,failed,orphan_payment
PAY-01500,ORD-01500,4305.2,completed,orphan_payment
PAY-01502,ORD-01502,2027.0,completed,orphan_payment
PAY-01503,ORD-01503,1483.45,completed,orphan_payment
PAY-01518,ORD-01518,257.64,pending,orphan_payment
PAY-01538,ORD-01538,397.08,completed,orphan_payment
PAY-01552,ORD-01552,1654.6,completed,orphan_payment
PAY-01561,ORD-01561,1807.56,completed,orphan_payment
PAY-01570,ORD-01570,1180.17,completed,orphan_payment
PAY-01576,ORD-01576,352.4,pending,orphan_payment
PAY-01586,ORD-01586,2617.11,completed,orphan_payment
PAY-01607,ORD-01607,1762.0,completed,orphan_payment
PAY-01612,ORD-01612,2447.28,completed,orphan_payment
PAY-01616,ORD-01616,249.12,completed,orphan_payment
PAY-01626,ORD-01626,2819.2,failed,orphan_payment
PAY-01632,ORD-01632,217.42,completed,orphan_payment
PAY-01644,ORD-01644,2298.25,completed,orphan_payment
PAY-01680,ORD-01680,241.98,completed,orphan_payment
PAY-01687,ORD-01687,108.71,completed,orphan_payment
PAY-01695,ORD-01695,4341.24,completed,orphan_payment
PAY-01725,ORD-01725,211.48,completed,orphan_payment
PAY-01726,ORD-01726,905.84,completed,orphan_payment
PAY-01738,ORD-01738,138.69,completed,orphan_payment
PAY-01783,ORD-01783,3017.63,completed,orphan_payment
PAY-01803,ORD-01803,2902.2,completed,orphan_payment
PAY-01810,ORD-01810,1944.32,completed,orphan_payment
PAY-01811,ORD-01811,828.66,pending,orphan_payment
PAY-01822,ORD-01822,1087.16,completed,orphan_payment
PAY-01830,ORD-01830,1152.27,pending,orphan_payment
PAY-01859,ORD-01859,1057.2,completed,orphan_payment
PAY-01862,ORD-01862,4823.6,completed,orphan_payment
PAY-01866,ORD-01866,496.38,completed,orphan_payment
PAY-01868,ORD-01868,25.68,completed,orphan_payment
PAY-01886,ORD-01886,2326.32,completed,orphan_payment
PAY-01897,ORD-01897,498.68,completed,orphan_payment
PAY-01900,ORD-01900,2216.5,completed,orphan_payment
PAY-01901,ORD-01901,2727.0,completed,orphan_payment
PAY-01947,ORD-01947,107.87,pending,orphan_payment
PAY-01956,ORD-01956,2862.51,completed,orphan_payment
PAY-02003,ORD-02003,4309.38,pending,orphan_payment
PAY-02006,ORD-02006,613.04,pending,orphan_payment
PAY-02007,ORD-02007,2453.58,completed,orphan_payment
PAY-02010,ORD-02010,997.36,completed,orphan_payment
PAY-02061,ORD-02061,2713.69,completed,orphan_payment
PAY-02077,ORD-02077,2170.7,completed,orphan_payment
PAY-02101,ORD-02101,249.12,completed,orphan_payment
PAY-02115,ORD-02115,421.63,pending,orphan_payment
PAY-02119,ORD-02119,3376.52,completed,orphan_payment
PAY-02120,ORD-02120,1160.88,completed,orphan_payment
PAY-02129,ORD-02129,639.32,completed,orphan_payment
PAY-02131,ORD-02131,2027.0,pending,orphan_payment
PAY-02159,ORD-02159,1838.64,completed,orphan_payment
PAY-02176,ORD-02176,3858.88,completed,orphan_payment
PAY-02178,ORD-02178,482.36,completed,orphan_payment
PAY-02191,ORD-02191,3065.2,pending,orphan_payment
PAY-02196,ORD-02196,2411.8,completed,orphan_payment
PAY-02199,ORD-02199,1108.96,completed,orphan_payment
PAY-02200,ORD-02200,3524.0,completed,orphan_payment
PAY-02201,ORD-02201,62.19,completed,orphan_payment
PAY-02214,ORD-02214,3874.68,completed,orphan_payment
PAY-02216,ORD-02216,512.6,failed,orphan_payment
PAY-02217,ORD-02217,2819.2,pending,orphan_payment
PAY-02220,ORD-02220,2360.34,completed,orphan_payment
PAY-02231,ORD-02231,2397.15,completed,orphan_payment
PAY-02244,ORD-02244,2101.54,completed,orphan_payment
PAY-02249,ORD-02249,704.8,completed,orphan_payment
PAY-02259,ORD-02259,386.32,completed,orphan_payment
PAY-02267,ORD-02267,4823.6,completed,orphan_payment
PAY-02287,ORD-02287,2894.16,completed,orphan_payment
PAY-02297,ORD-02297,352.4,completed,orphan_payment
PAY-02305,ORD-02305,156.42,completed,orphan_payment
PAY-02309,ORD-02309,533.82,completed,orphan_payment
PAY-02311,ORD-02311,995.2,completed,orphan_payment
PAY-02343,ORD-02343,2411.8,completed,orphan_payment
PAY-02348,ORD-02348,687.04,completed,orphan_payment
PAY-02356,ORD-02356,1065.42,completed,orphan_payment
PAY-02362,ORD-02362,1838.64,failed,orphan_payment
PAY-02366,ORD-02366,2876.94,completed,orphan_payment
PAY-02372,ORD-02372,303.84,completed,orphan_payment
PAY-02374,ORD-02374,2669.1,completed,orphan_payment
PAY-02391,ORD-02391,2639.82,completed,orphan_payment
PAY-02392,ORD-02392,4860.8,completed,orphan_payment
PAY-02401,ORD-02401,889.56,completed,orphan_payment
PAY-02405,ORD-02405,1359.6,completed,orphan_payment
PAY-02455,ORD-02455,1762.0,completed,orphan_payment
PAY-02456,ORD-02456,761.22,completed,orphan_payment
PAY-02487,ORD-02487,1762.0,completed,orphan_payment
PAY-02495,ORD-02495,193.9,pending,orphan_payment
PAY-02507,ORD-02507,954.28,completed,orphan_payment
PAY-02516,ORD-02516,1506.72,completed,orphan_payment
PAY-02520,ORD-02520,430.52,completed,orphan_payment
PAY-02524,ORD-02524,2819.2,completed,orphan_payment
PAY-02527,ORD-02527,1680.7,completed,orphan_payment
PAY-02547,ORD-02547,844.42,completed,orphan_payment
PAY-02561,ORD-02561,1108.96,completed,orphan_payment
PAY-02573,ORD-02573,2670.21,completed,orphan_payment
PAY-02594,ORD-02594,444.72,completed,orphan_payment
PAY-02596,ORD-02596,683.48,completed,orphan_payment
PAY-02602,ORD-02602,173.8,completed,orphan_payment
PAY-02629,ORD-02629,2454.06,completed,orphan_payment
PAY-02636,ORD-02636,180.66,pending,orphan_payment
PAY-02654,ORD-02654,1009.76,completed,orphan_payment
PAY-02663,ORD-02663,2984.22,completed,orphan_payment
PAY-02666,ORD-02666,1329.9,completed,orphan_payment
PAY-02698,ORD-02698,1939.0,failed,orphan_payment
PAY-02738,ORD-02738,1929.44,completed,orphan_payment
PAY-02814,ORD-02814,3071.6,completed,orphan_payment
PAY-02817,ORD-02817,4294.26,completed,orphan_payment
PAY-02830,ORD-02830,482.36,completed,orphan_payment
PAY-02849,ORD-02849,964.72,completed,orphan_payment
PAY-02863,ORD-02863,1773.2,completed,orphan_payment
PAY-02888,ORD-02888,352.4,completed,orphan_payment
PAY-02898,ORD-02898,2121.0,completed,orphan_payment
PAY-02913,ORD-02913,2894.16,pending,orphan_payment
PAY-02914,ORD-02914,3959.73,completed,orphan_payment
PAY-02924,ORD-02924,2284.9,completed,orphan_payment
PAY-02930,ORD-02930,2114.4,completed,orphan_payment
PAY-02967,ORD-02967,1409.6,pending,orphan_payment
PAY-02985,ORD-02985,46.23,completed,orphan_payment
PAY-02989,ORD-02989,3791.1,completed,orphan_payment
PAY-02990,ORD-02990,3858.88,pending,orphan_payment
PAY-02991,ORD-02991,768.9,completed,orphan_payment
PAY-03003,ORD-03003,3025.26,completed,orphan_payment
PAY-03029,ORD-03029,1323.68,completed,orphan_payment
PAY-03051,ORD-03051,684.9,completed,orphan_payment
PAY-03061,ORD-03061,1046.07,completed,orphan_payment
PAY-03088,ORD-03088,715.82,completed,orphan_payment
PAY-03093,ORD-03093,2466.8,completed,orphan_payment
PAY-03108,ORD-03108,346.96,completed,orphan_payment
PAY-03112,ORD-03112,1773.2,completed,orphan_payment
PAY-03116,ORD-03116,361.32,completed,orphan_payment
PAY-03140,ORD-03140,15.41,completed,orphan_payment
PAY-03151,ORD-03151,962.71,completed,orphan_payment
PAY-03156,ORD-03156,3546.4,completed,orphan_payment
PAY-03162,ORD-03162,555.9,completed,orphan_payment
PAY-03169,ORD-03169,2819.2,pending,orphan_payment
PAY-03171,ORD-03171,138.62,completed,orphan_payment
PAY-03201,ORD-03201,193.9,pending,orphan_payment
PAY-03211,ORD-03211,3931.65,completed,orphan_payment
PAY-03212,ORD-03212,775.6,completed,orphan_payment
PAY-03219,ORD-03219,2145.08,completed,orphan_payment
PAY-03220,ORD-03220,2742.0,completed,orphan_payment
PAY-03246,ORD-03246,581.15,completed,orphan_payment
PAY-03250,ORD-03250,1492.8,completed,orphan_payment
PAY-03265,ORD-03265,120.44,completed,orphan_payment
PAY-03278,ORD-03278,964.72,pending,orphan_payment
PAY-03286,ORD-03286,1143.72,completed,orphan_payment
PAY-03294,ORD-03294,1447.08,pending,orphan_payment
PAY-03310,ORD-03310,2108.15,completed,orphan_payment
PAY-03319,ORD-03319,665.58,pending,orphan_payment
PAY-03328,ORD-03328,173.48,completed,orphan_payment
PAY-03355,ORD-03355,2453.58,completed,orphan_payment
PAY-03372,ORD-03372,301.1,completed,orphan_payment
PAY-03374,ORD-03374,665.58,completed,orphan_payment
PAY-03405,ORD-03405,499.74,completed,orphan_payment
PAY-03437,ORD-03437,443.3,completed,orphan_payment
PAY-03438,ORD-03438,352.4,completed,orphan_payment
PAY-03443,ORD-03443,284.4,completed,orphan_payment
PAY-03451,ORD-03451,59.92,completed,orphan_payment
PAY-03452,ORD-03452,4823.6,completed,orphan_payment
PAY-03460,ORD-03460,591.65,pending,orphan_payment
PAY-03475,ORD-03475,602.2,completed,orphan_payment
PAY-03481,ORD-03481,3351.74,completed,orphan_payment
PAY-03487,ORD-03487,844.42,completed,orphan_payment
PAY-03493,ORD-03493,844.42,completed,orphan_payment
PAY-03497,ORD-03497,2894.16,completed,orphan_payment
PAY-03505,ORD-03505,1929.44,completed,orphan_payment
PAY-03518,ORD-03518,256.53,completed,orphan_payment
PAY-03547,ORD-03547,1057.2,completed,orphan_payment
PAY-03569,ORD-03569,2688.63,completed,orphan_payment
PAY-03570,ORD-03570,832.37,completed,orphan_payment
PAY-03621,ORD-03621,400.74,completed,orphan_payment
PAY-03642,ORD-03642,4823.6,pending,orphan_payment
PAY-03659,ORD-03659,2466.8,completed,orphan_payment
PAY-03675,ORD-03675,1409.6,completed,orphan_payment
PAY-03686,ORD-03686,739.1,pending,orphan_payment
PAY-03696,ORD-03696,426.6,completed,orphan_payment
PAY-03704,ORD-03704,1025.2,completed,orphan_payment
PAY-03726,ORD-03726,2876.94,completed,orphan_payment
PAY-03737,ORD-03737,2529.78,pending,orphan_payment
PAY-03747,ORD-03747,3351.74,completed,orphan_payment
PAY-03753,ORD-03753,1599.43,completed,orphan_payment
PAY-03755,ORD-03755,1025.22,completed,orphan_payment
PAY-03764,ORD-03764,2373.52,completed,orphan_payment
PAY-03771,ORD-03771,1823.04,completed,orphan_payment
PAY-03797,ORD-03797,772.64,completed,orphan_payment
PAY-03815,ORD-03815,3874.68,completed,orphan_payment
PAY-03825,ORD-03825,386.32,completed,orphan_payment
PAY-03833,ORD-03833,2862.51,completed,orphan_payment
PAY-03840,ORD-03840,947.04,completed,orphan_payment
PAY-03855,ORD-03855,2985.6,completed,orphan_payment
PAY-03874,ORD-03874,2894.16,completed,orphan_payment
PAY-03909,ORD-03909,4823.6,completed,orphan_payment
PAY-03914,ORD-03914,138.69,completed,orphan_payment
PAY-03921,ORD-03921,2985.6,pending,orphan_payment
PAY-03926,ORD-03926,2076.08,completed,orphan_payment
PAY-03943,ORD-03943,732.44,completed,orphan_payment
PAY-03959,ORD-03959,1158.96,completed,orphan_payment
PAY-03993,ORD-03993,4341.24,completed,orphan_payment
PAY-04001,ORD-04001,2819.2,failed,orphan_payment
PAY-04022,ORD-04022,352.4,completed,orphan_payment
PAY-04025,ORD-04025,60.37,pending,orphan_payment
PAY-04048,ORD-04048,2114.4,completed,orphan_payment
PAY-04053,ORD-04053,3858.88,pending,orphan_payment
PAY-04072,ORD-04072,2466.8,completed,orphan_payment
PAY-04075,ORD-04075,240.88,pending,orphan_payment
PAY-04083,ORD-04083,1908.56,completed,orphan_payment
PAY-04085,ORD-04085,3103.1,completed,orphan_payment
PAY-04087,ORD-04087,142.55,completed,orphan_payment
PAY-04132,ORD-04132,3075.66,completed,orphan_payment
PAY-04175,ORD-04175,4341.24,completed,orphan_payment
PAY-04182,ORD-04182,3888.64,completed,orphan_payment
PAY-04187,ORD-04187,2152.6,completed,orphan_payment
PAY-04214,ORD-04214,264.06,completed,orphan_payment
PAY-04231,ORD-04231,1447.08,completed,orphan_payment
PAY-04247,ORD-04247,709.98,completed,orphan_payment
PAY-04252,ORD-04252,496.38,completed,orphan_payment
PAY-04265,ORD-04265,3989.44,completed,orphan_payment
PAY-04305,ORD-04305,682.26,completed,orphan_payment
PAY-04307,ORD-04307,1162.3,completed,orphan_payment
PAY-04322,ORD-04322,681.48,completed,orphan_payment
PAY-04341,ORD-04341,1599.43,failed,orphan_payment
PAY-04351,ORD-04351,378.86,completed,orphan_payment
PAY-04356,ORD-04356,110.72,completed,orphan_payment
PAY-04363,ORD-04363,613.04,completed,orphan_payment
PAY-04366,ORD-04366,3483.2,completed,orphan_payment
PAY-04381,ORD-04381,957.64,completed,orphan_payment
PAY-04383,ORD-04383,379.11,failed,orphan_payment
PAY-04409,ORD-04409,909.68,completed,orphan_payment
PAY-04415,ORD-04415,433.7,completed,orphan_payment
PAY-04428,ORD-04428,1519.2,completed,orphan_payment
PAY-04470,ORD-04470,3695.5,failed,orphan_payment
PAY-04476,ORD-04476,2819.2,completed,orphan_payment
PAY-04480,ORD-04480,3417.4,completed,orphan_payment
PAY-04481,ORD-04481,1057.2,completed,orphan_payment
PAY-04494,ORD-04494,3376.52,completed,orphan_payment
PAY-04500,ORD-04500,515.28,completed,orphan_payment
PAY-04503,ORD-04503,429.4,completed,orphan_payment
PAY-04513,ORD-04513,331.8,failed,orphan_payment
PAY-04514,ORD-04514,86.74,completed,orphan_payment
PAY-04564,ORD-04564,780.66,completed,orphan_payment
PAY-04622,ORD-04622,964.72,failed,orphan_payment
PAY-04632,ORD-04632,2985.6,pending,orphan_payment
PAY-04655,ORD-04655,541.98,completed,orphan_payment
PAY-04659,ORD-04659,1929.44,completed,orphan_payment
PAY-04684,ORD-04684,1883.4,completed,orphan_payment
PAY-04686,ORD-04686,817.86,completed,orphan_payment
PAY-04689,ORD-04689,133.58,completed,orphan_payment
PAY-04698,ORD-04698,1212.0,completed,orphan_payment
PAY-04700,ORD-04700,2466.8,completed,orphan_payment
PAY-04710,ORD-04710,1275.96,completed,orphan_payment
PAY-04737,ORD-04737,1839.12,completed,orphan_payment
PAY-04766,ORD-04766,4368.5,completed,orphan_payment
PAY-04772,ORD-04772,2653.77,completed,orphan_payment
PAY-04791,ORD-04791,1601.46,completed,orphan_payment
PAY-04815,ORD-04815,3171.6,completed,orphan_payment
PAY-04831,ORD-04831,581.7,pending,orphan_payment
PAY-04832,ORD-04832,2557.28,pending,orphan_payment
PAY-04835,ORD-04835,725.94,completed,orphan_payment
PAY-04847,ORD-04847,889.56,completed,orphan_payment
PAY-04874,ORD-04874,2819.2,completed,orphan_payment
PAY-04884,ORD-04884,96.06,pending,orphan_payment
PAY-04899,ORD-04899,1931.6,completed,orphan_payment
PAY-04902,ORD-04902,2114.4,completed,orphan_payment
PAY-04906,ORD-04906,601.16,failed,orphan_payment
PAY-04908,ORD-04908,2411.8,completed,orphan_payment
PAY-04942,ORD-04942,435.91,completed,orphan_payment
PAY-04949,ORD-04949,2373.52,pending,orphan_payment
PAY-04966,ORD-04966,3071.6,completed,orphan_payment
PAY-04973,ORD-04973,2411.8,completed,orphan_payment
PAY-04976,ORD-04976,815.97,completed,orphan_payment
PAY-05003,ORD-05003,1370.94,completed,orphan_payment
PAY-05061,ORD-05061,352.4,completed,orphan_payment
PAY-05072,ORD-05072,3817.12,completed,orphan_payment
PAY-05076,ORD-05076,2397.15,completed,orphan_payment
PAY-05082,ORD-05082,1136.58,completed,orphan_payment
PAY-05093,ORD-05093,2819.2,completed,orphan_payment
PAY-05094,ORD-05094,2557.28,pending,orphan_payment
PAY-05108,ORD-05108,1409.6,completed,orphan_payment
PAY-05115,ORD-05115,870.66,completed,orphan_payment
PAY-05153,ORD-05153,3171.6,completed,orphan_payment
PAY-05156,ORD-05156,326.13,completed,orphan_payment
PAY-05171,ORD-05171,264.35,pending,orphan_payment
PAY-05173,ORD-05173,4341.24,completed,orphan_payment
PAY-05215,ORD-05215,1297.55,pending,orphan_payment
PAY-05224,ORD-05224,1140.54,completed,orphan_payment
PAY-05236,ORD-05236,815.97,completed,orphan_payment
PAY-05243,ORD-05243,913.96,completed,orphan_payment
PAY-05277,ORD-05277,42.8,completed,orphan_payment
PAY-05279,ORD-05279,2326.32,completed,orphan_payment
PAY-05281,ORD-05281,220.5,completed,orphan_payment
PAY-05322,ORD-05322,51.36,completed,orphan_payment
PAY-05344,ORD-05344,2742.0,completed,orphan_payment
PAY-05345,ORD-05345,1409.6,failed,orphan_payment
PAY-05377,ORD-05377,1409.6,failed,orphan_payment
PAY-05389,ORD-05389,1762.0,completed,orphan_payment
PAY-05419,ORD-05419,543.84,completed,orphan_payment
PAY-05441,ORD-05441,1085.35,completed,orphan_payment
PAY-05493,ORD-05493,396.09,completed,orphan_payment
PAY-05505,ORD-05505,306.52,completed,orphan_payment
PAY-05517,ORD-05517,2273.16,completed,orphan_payment
PAY-05524,ORD-05524,1409.6,pending,orphan_payment
PAY-05525,ORD-05525,1329.9,failed,orphan_payment
PAY-05527,ORD-05527,761.22,completed,orphan_payment
PAY-05530,ORD-05530,348.69,completed,orphan_payment
PAY-05549,ORD-05549,107.87,completed,orphan_payment
PAY-05550,ORD-05550,1762.0,completed,orphan_payment
PAY-05552,ORD-05552,132.03,failed,orphan_payment
PAY-05557,ORD-05557,2819.2,completed,orphan_payment
PAY-05586,ORD-05586,422.21,completed,orphan_payment
PAY-05589,ORD-05589,189.6,completed,orphan_payment
PAY-05592,ORD-05592,482.36,completed,orphan_payment
PAY-05603,ORD-05603,543.98,completed,orphan_payment
PAY-05604,ORD-05604,2466.8,pending,orphan_payment
PAY-05606,ORD-05606,482.36,pending,orphan_payment
PAY-05617,ORD-05617,1762.0,completed,orphan_payment
PAY-05619,ORD-05619,475.83,completed,orphan_payment
PAY-05635,ORD-05635,3030.88,completed,orphan_payment
PAY-05694,ORD-05694,873.7,completed,orphan_payment
PAY-05717,ORD-05717,1708.7,completed,orphan_payment
PAY-05727,ORD-05727,962.71,completed,orphan_payment
PAY-05728,ORD-05728,425.32,failed,orphan_payment
PAY-05739,ORD-05739,2998.66,completed,orphan_payment
PAY-05757,ORD-05757,704.8,completed,orphan_payment
PAY-05777,ORD-05777,665.58,completed,orphan_payment
PAY-05797,ORD-05797,1447.08,completed,orphan_payment
PAY-05813,ORD-05813,357.91,completed,orphan_payment
PAY-05836,ORD-05836,1057.2,completed,orphan_payment
PAY-05838,ORD-05838,217.07,completed,orphan_payment
PAY-05839,ORD-05839,412.59,failed,orphan_payment
PAY-05853,ORD-05853,1506.72,completed,orphan_payment
PAY-05877,ORD-05877,3171.6,pending,orphan_payment
PAY-05912,ORD-05912,475.83,completed,orphan_payment
PAY-05920,ORD-05920,1762.0,completed,orphan_payment
PAY-05924,ORD-05924,3051.37,completed,orphan_payment
PAY-05951,ORD-05951,2863.28,completed,orphan_payment
PAY-05966,ORD-05966,827.3,completed,orphan_payment
PAY-05980,ORD-05980,1087.16,completed,orphan_payment
PAY-05996,ORD-05996,1938.35,completed,orphan_payment
PAY-06002,ORD-06002,3221.19,completed,orphan_payment
PAY-06016,ORD-06016,3817.12,completed,orphan_payment
PAY-06026,ORD-06026,2314.98,completed,orphan_payment
PAY-06047,ORD-06047,2155.45,completed,orphan_payment
PAY-06055,ORD-06055,1657.9,completed,orphan_payment
PAY-06071,ORD-06071,380.18,completed,orphan_payment
PAY-06078,ORD-06078,1447.08,completed,orphan_payment
PAY-06096,ORD-06096,964.72,completed,orphan_payment
PAY-06134,ORD-06134,769.59,completed,orphan_payment
PAY-06135,ORD-06135,3217.55,completed,orphan_payment
PAY-06140,ORD-06140,85.88,completed,orphan_payment
PAY-06152,ORD-06152,1536.36,completed,orphan_payment
PAY-06154,ORD-06154,2466.8,completed,orphan_payment
PAY-06175,ORD-06175,2008.4,pending,orphan_payment
PAY-06184,ORD-06184,1747.4,pending,orphan_payment
PAY-06185,ORD-06185,704.8,pending,orphan_payment
PAY-06186,ORD-06186,2632.8,pending,orphan_payment
PAY-06193,ORD-06193,3072.72,completed,orphan_payment
PAY-06195,ORD-06195,3448.72,completed,orphan_payment
PAY-06203,ORD-06203,850.64,completed,orphan_payment
PAY-06232,ORD-06232,4388.0,completed,orphan_payment
PAY-06243,ORD-06243,429.4,completed,orphan_payment
PAY-06264,ORD-06264,607.18,failed,orphan_payment
PAY-06275,ORD-06275,4341.24,completed,orphan_payment
PAY-06295,ORD-06295,2411.8,completed,orphan_payment
PAY-06324,ORD-06324,964.72,completed,orphan_payment
PAY-06335,ORD-06335,2452.16,completed,orphan_payment
PAY-06337,ORD-06337,387.8,pending,orphan_payment
PAY-06367,ORD-06367,1057.2,completed,orphan_payment
PAY-06375,ORD-06375,4823.6,completed,orphan_payment
PAY-06389,ORD-06389,564.62,completed,orphan_payment
PAY-06391,ORD-06391,3377.68,completed,orphan_payment
PAY-06416,ORD-06416,831.12,completed,orphan_payment
PAY-06427,ORD-06427,3324.48,completed,orphan_payment
PAY-06433,ORD-06433,433.7,completed,orphan_payment
PAY-06485,ORD-06485,543.98,completed,orphan_payment
PAY-06493,ORD-06493,1046.07,completed,orphan_payment
PAY-06515,ORD-06515,3874.68,completed,orphan_payment
PAY-06525,ORD-06525,1839.12,completed,orphan_payment
PAY-06535,ORD-06535,2274.66,completed,orphan_payment
PAY-06556,ORD-06556,815.97,completed,orphan_payment
PAY-06563,ORD-06563,2894.16,completed,orphan_payment
PAY-06613,ORD-06613,704.8,completed,orphan_payment
PAY-06644,ORD-06644,1357.3,pending,orphan_payment
PAY-06650,ORD-06650,3791.1,completed,orphan_payment
PAY-06667,ORD-06667,607.68,completed,orphan_payment
PAY-06685,ORD-06685,296.69,completed,orphan_payment
PAY-06703,ORD-06703,4341.24,completed,orphan_payment
PAY-06708,ORD-06708,60.22,completed,orphan_payment
PAY-06720,ORD-06720,232.46,completed,orphan_payment
PAY-06726,ORD-06726,1519.2,completed,orphan_payment
PAY-06739,ORD-06739,396.09,completed,orphan_payment
PAY-06745,ORD-06745,2421.0,completed,orphan_payment
PAY-06758,ORD-06758,217.42,pending,orphan_payment
PAY-06773,ORD-06773,25.68,completed,orphan_payment
PAY-06783,ORD-06783,631.1,completed,orphan_payment
PAY-06796,ORD-06796,496.38,completed,orphan_payment
PAY-06813,ORD-06813,1885.8,completed,orphan_payment
PAY-06842,ORD-06842,193.76,completed,orphan_payment
PAY-06856,ORD-06856,3171.6,completed,orphan_payment
PAY-06859,ORD-06859,440.1,completed,orphan_payment
PAY-06860,ORD-06860,2617.11,completed,orphan_payment
PAY-06883,ORD-06883,428.38,completed,orphan_payment
PAY-06908,ORD-06908,3858.88,completed,orphan_payment
PAY-06922,ORD-06922,4396.1,completed,orphan_payment
PAY-06925,ORD-06925,1189.1,completed,orphan_payment
PAY-06928,ORD-06928,1057.2,completed,orphan_payment
PAY-06951,ORD-06951,275.06,completed,orphan_payment
PAY-06954,ORD-06954,1013.5,completed,orphan_payment
PAY-06956,ORD-06956,2819.2,completed,orphan_payment
PAY-06965,ORD-06965,661.84,pending,orphan_payment
PAY-06969,ORD-06969,2529.78,completed,orphan_payment
PAY-06977,ORD-06977,222.36,pending,orphan_payment
PAY-07000,ORD-07000,227.16,completed,orphan_payment
PAY-07007,ORD-07007,1057.2,completed,orphan_payment
PAY-07015,ORD-07015,605.76,completed,orphan_payment
PAY-07025,ORD-07025,55.36,pending,orphan_payment
PAY-07039,ORD-07039,319.66,completed,orphan_payment
PAY-07044,ORD-07044,2819.2,completed,orphan_payment
PAY-07056,ORD-07056,581.58,completed,orphan_payment
PAY-07081,ORD-07081,3376.52,completed,orphan_payment
PAY-07082,ORD-07082,1409.6,completed,orphan_payment
PAY-07117,ORD-07117,2114.4,completed,orphan_payment
PAY-07125,ORD-07125,275.06,completed,orphan_payment
PAY-07204,ORD-07204,1409.6,completed,orphan_payment
PAY-07219,ORD-07219,346.96,pending,orphan_payment
PAY-07226,ORD-07226,2424.6,completed,orphan_payment
PAY-07269,ORD-07269,667.9,completed,orphan_payment
PAY-07301,ORD-07301,693.92,completed,orphan_payment
PAY-07320,ORD-07320,4341.24,failed,orphan_payment
PAY-07356,ORD-07356,3376.52,completed,orphan_payment
PAY-07360,ORD-07360,2411.8,completed,orphan_payment
PAY-07386,ORD-07386,1109.3,completed,orphan_payment
PAY-07410,ORD-07410,3524.0,completed,orphan_payment
PAY-07425,ORD-07425,422.96,completed,orphan_payment
PAY-07437,ORD-07437,361.32,completed,orphan_payment
PAY-07456,ORD-07456,1180.17,completed,orphan_payment
PAY-07471,ORD-07471,2260.08,pending,orphan_payment
PAY-07497,ORD-07497,301.1,completed,orphan_payment
PAY-07504,ORD-07504,1163.4,pending,orphan_payment
PAY-07516,ORD-07516,2863.28,completed,orphan_payment
PAY-07521,ORD-07521,871.82,completed,orphan_payment
PAY-07528,ORD-07528,862.18,completed,orphan_payment
PAY-07555,ORD-07555,3524.0,failed,orphan_payment
PAY-07571,ORD-07571,3524.0,completed,orphan_payment
PAY-07582,ORD-07582,2819.2,completed,orphan_payment
PAY-07584,ORD-07584,3077.27,completed,orphan_payment
PAY-07633,ORD-07633,1447.08,pending,orphan_payment
PAY-07651,ORD-07651,1210.5,failed,orphan_payment
PAY-07660,ORD-07660,482.36,completed,orphan_payment
PAY-07661,ORD-07661,44.01,completed,orphan_payment
PAY-07671,ORD-07671,350.58,pending,orphan_payment
PAY-07680,ORD-07680,166.77,completed,orphan_payment
PAY-07681,ORD-07681,212.66,completed,orphan_payment
PAY-07690,ORD-07690,1108.96,completed,orphan_payment
PAY-07699,ORD-07699,380.18,pending,orphan_payment
PAY-07701,ORD-07701,120.74,failed,orphan_payment
PAY-07707,ORD-07707,1794.1,completed,orphan_payment
PAY-07714,ORD-07714,1183.8,completed,orphan_payment
PAY-07715,ORD-07715,1903.05,completed,orphan_payment
PAY-07734,ORD-07734,704.8,completed,orphan_payment
PAY-07740,ORD-07740,1291.56,completed,orphan_payment
PAY-07741,ORD-07741,2819.2,pending,orphan_payment
PAY-07750,ORD-07750,4396.1,completed,orphan_payment
PAY-07761,ORD-07761,2466.8,completed,orphan_payment
PAY-07763,ORD-07763,603.7,completed,orphan_payment
PAY-07765,ORD-07765,3032.88,completed,orphan_payment
PAY-07795,ORD-07795,2411.8,completed,orphan_payment
PAY-07806,ORD-07806,1908.56,completed,orphan_payment
PAY-07810,ORD-07810,241.98,pending,orphan_payment
PAY-07824,ORD-07824,193.16,pending,orphan_payment
PAY-07828,ORD-07828,1762.0,completed,orphan_payment
PAY-07889,ORD-07889,3540.51,pending,orphan_payment
PAY-07913,ORD-07913,2411.8,completed,orphan_payment
PAY-07928,ORD-07928,551.25,completed,orphan_payment
PAY-07933,ORD-07933,4860.8,completed,orphan_payment
PAY-07936,ORD-07936,877.6,completed,orphan_payment
PAY-07944,ORD-07944,2908.92,completed,orphan_payment
PAY-07969,ORD-07969,850.64,pending,orphan_payment
PAY-07978,ORD-07978,620.52,completed,orphan_payment
PAY-07991,ORD-07991,15.41,completed,orphan_payment
PAY-07995,ORD-07995,354.99,pending,orphan_payment
PAY-00750,ORD-00750,1464.88,completed,duplicate
PAY-06611,ORD-06611,1838.6,completed,duplicate
PAY-07204,ORD-07204,1409.6,completed,duplicate
PAY-05189,ORD-05189,48.03,pending,duplicate
PAY-05001,ORD-05001,1418.9,completed,duplicate
PAY-05792,ORD-05792,2653.77,completed,duplicate
PAY-00992,ORD-00992,815.37,completed,duplicate
PAY-06936,ORD-06936,240.15,completed,duplicate
PAY-01941,ORD-01941,355.14,completed,duplicate
PAY-02019,ORD-02019,2453.58,completed,duplicate
PAY-07308,ORD-07308,467.53,pending,duplicate
PAY-06497,ORD-06497,757.72,completed,duplicate
PAY-00780,ORD-00780,296.69,completed,duplicate
PAY-04040,ORD-04040,186.57,completed,duplicate
PAY-05066,ORD-05066,3980.8,completed,duplicate
PAY-06957,ORD-06957,454.84,completed,duplicate
PAY-03779,ORD-03779,1108.96,completed,duplicate
PAY-05643,ORD-05643,732.44,completed,duplicate
PAY-05179,ORD-05179,1369.8,completed,duplicate
PAY-02285,ORD-02285,978.39,completed,duplicate
PAY-06198,ORD-06198,768.9,completed,duplicate
PAY-03691,ORD-03691,1654.6,failed,duplicate
PAY-05615,ORD-05615,637.98,completed,duplicate
PAY-06115,ORD-06115,96.06,completed,duplicate
PAY-05485,ORD-05485,308.07,completed,duplicate
PAY-01647,ORD-01647,543.33,completed,duplicate
PAY-03161,ORD-03161,749.61,completed,duplicate
PAY-03814,ORD-03814,3444.16,completed,duplicate
PAY-00863,ORD-00863,3402.56,pending,duplicate
PAY-02876,ORD-02876,452.92,completed,duplicate
PAY-03211,ORD-03211,3931.65,completed,duplicate
PAY-06841,ORD-06841,3740.04,completed,duplicate
PAY-03655,ORD-03655,397.08,completed,duplicate
PAY-06852,ORD-06852,3656.0,completed,duplicate
PAY-02467,ORD-02467,1551.2,completed,duplicate
PAY-04633,ORD-04633,1366.96,completed,duplicate
PAY-03499,ORD-03499,2126.6,completed,duplicate
PAY-00498,ORD-00498,2757.96,completed,duplicate
PAY-00485,ORD-00485,1522.44,completed,duplicate
PAY-04195,ORD-04195,454.84,completed,duplicate
PAY-02947,ORD-02947,387.8,completed,duplicate
PAY-01029,ORD-01029,769.59,completed,duplicate
PAY-03650,ORD-03650,422.96,completed,duplicate
PAY-01405,ORD-01405,2199.85,completed,duplicate
PAY-02899,ORD-02899,997.85,completed,duplicate
PAY-06191,ORD-06191,3631.5,completed,duplicate
PAY-00773,ORD-00773,1631.94,completed,duplicate
PAY-00380,ORD-00380,4478.4,completed,duplicate
PAY-07981,ORD-07981,4216.3,pending,duplicate
PAY-01327,ORD-01327,775.6,failed,duplicate
PAY-03445,ORD-03445,59.92,completed,duplicate
PAY-06083,ORD-06083,1939.0,completed,duplicate
PAY-02765,ORD-02765,687.04,completed,duplicate
PAY-00388,ORD-00388,1302.42,completed,duplicate
PAY-02992,ORD-02992,1028.88,completed,duplicate
PAY-07581,ORD-07581,3409.74,completed,duplicate
PAY-06263,ORD-06263,768.9,completed,duplicate
PAY-03913,ORD-03913,1130.04,completed,duplicate
PAY-07955,ORD-07955,855.3,completed,duplicate
PAY-04054,ORD-04054,118.38,completed,duplicate
PAY-00349,ORD-00349,1894.3,completed,duplicate
PAY-07446,ORD-07446,877.6,completed,duplicate
PAY-01066,ORD-01066,2035.53,completed,duplicate
PAY-04576,ORD-04576,400.74,completed,duplicate
PAY-07268,ORD-07268,3411.99,completed,duplicate
PAY-07118,ORD-07118,1065.42,completed,duplicate
PAY-00759,ORD-00759,3444.16,completed,duplicate
PAY-04708,ORD-04708,543.98,completed,duplicate
PAY-06046,ORD-06046,113.71,completed,duplicate
PAY-00447,ORD-00447,992.25,completed,duplicate
PAY-03025,ORD-03025,3427.04,completed,duplicate
PAY-01767,ORD-01767,639.32,pending,duplicate
PAY-00530,ORD-00530,356.73,completed,duplicate
PAY-05518,ORD-05518,723.94,completed,duplicate
PAY-05898,ORD-05898,725.94,completed,duplicate
PAY-01489,ORD-01489,1226.79,pending,duplicate
PAY-01005,ORD-01005,2145.64,failed,duplicate
PAY-01771,ORD-01771,1816.57,completed,duplicate
PAY-03610,ORD-03610,1588.32,completed,duplicate
PAY-02147,ORD-02147,946.64,completed,duplicate
PAY-06219,ORD-06219,3147.12,completed,duplicate
PAY-05322,ORD-05322,51.36,completed,duplicate
PAY-00725,ORD-00725,3082.05,failed,duplicate
PAY-07462,ORD-07462,4433.0,completed,duplicate
PAY-00993,ORD-00993,753.36,completed,duplicate
PAY-04250,ORD-04250,247.06,completed,duplicate
PAY-05735,ORD-05735,165.46,completed,duplicate
PAY-05467,ORD-05467,173.48,completed,duplicate
PAY-07843,ORD-07843,617.65,completed,duplicate
PAY-02270,ORD-02270,1109.3,completed,duplicate
PAY-05457,ORD-05457,1828.0,completed,duplicate
PAY-01265,ORD-01265,82.92,pending,duplicate
PAY-07246,ORD-07246,355.14,completed,duplicate
PAY-07297,ORD-07297,412.59,completed,duplicate
PAY-02643,ORD-02643,1347.0,pending,duplicate
PAY-07166,ORD-07166,1073.73,completed,duplicate
PAY-07882,ORD-07882,1087.68,completed,duplicate
PAY-00386,ORD-00386,1038.04,completed,duplicate
PAY-04295,ORD-04295,2217.3,completed,duplicate
PAY-00511,ORD-00511,1019.07,completed,duplicate
PAY-01851,ORD-01851,2493.36,completed,duplicate
PAY-06949,ORD-06949,306.44,completed,duplicate
PAY-02974,ORD-02974,2401.76,completed,duplicate
PAY-05583,ORD-05583,193.9,completed,duplicate
PAY-03912,ORD-03912,2057.76,completed,duplicate
PAY-05327,ORD-05327,2198.05,completed,duplicate
PAY-07193,ORD-07193,645.28,completed,duplicate
PAY-05771,ORD-05771,1163.16,completed,duplicate
PAY-07149,ORD-07149,165.46,completed,duplicate
PAY-03461,ORD-03461,412.59,completed,duplicate
PAY-03412,ORD-03412,4788.2,completed,duplicate
PAY-07817,ORD-07817,132.03,completed,duplicate
PAY-02945,ORD-02945,651.21,pending,duplicate
PAY-04536,ORD-04536,1532.6,completed,duplicate
PAY-02839,ORD-02839,2453.58,completed,duplicate
PAY-00574,ORD-00574,1522.44,completed,duplicate
PAY-00835,ORD-00835,3425.49,completed,duplicate
PAY-04257,ORD-04257,217.42,completed,duplicate
PAY-00617,ORD-00617,379.11,completed,duplicate
PAY-00908,ORD-00908,221.44,completed,duplicate
PAY-03854,ORD-03854,1375.3,completed,duplicate
PAY-06386,ORD-06386,2739.6,completed,duplicate
PAY-02572,ORD-02572,3002.2,failed,duplicate
PAY-05696,ORD-05696,452.92,completed,duplicate
PAY-02301,ORD-02301,534.32,pending,duplicate
PAY-04199,ORD-04199,541.98,pending,duplicate
PAY-06210,ORD-06210,144.09,completed,duplicate
PAY-02271,ORD-02271,1275.96,completed,duplicate
PAY-07394,ORD-07394,1064.97,completed,duplicate
PAY-04309,ORD-04309,701.16,completed,duplicate
PAY-06333,ORD-06333,2985.6,completed,duplicate
PAY-07523,ORD-07523,2966.9,completed,duplicate
PAY-06460,ORD-06460,94.8,completed,duplicate
PAY-03777,ORD-03777,957.64,completed,duplicate
PAY-06502,ORD-06502,593.38,completed,duplicate
PAY-01052,ORD-01052,515.28,completed,duplicate
PAY-03698,ORD-03698,1087.16,pending,duplicate
PAY-05543,ORD-05543,3931.65,pending,duplicate
PAY-05381,ORD-05381,815.76,completed,duplicate
PAY-06539,ORD-06539,2430.4,completed,duplicate
PAY-05439,ORD-05439,909.0,completed,duplicate
PAY-04370,ORD-04370,1741.32,completed,duplicate
PAY-00678,ORD-00678,1708.7,completed,duplicate
PAY-06336,ORD-06336,2394.1,completed,duplicate
PAY-06701,ORD-06701,42.8,completed,duplicate
PAY-00781,ORD-00781,52.14,completed,duplicate
PAY-02691,ORD-02691,180.66,completed,duplicate
PAY-04087,ORD-04087,142.55,completed,duplicate
PAY-06800,ORD-06800,543.33,completed,duplicate
PAY-00597,ORD-00597,919.56,completed,duplicate
PAY-06075,ORD-06075,3540.51,failed,duplicate
PAY-03669,ORD-03669,350.58,completed,duplicate
PAY-07792,ORD-07792,144.09,pending,duplicate
PAY-05205,ORD-05205,145.11,completed,duplicate
PAY-03919,ORD-03919,473.32,completed,duplicate
PAY-00012,ORD-00012,645.28,completed,duplicate
PAY-00030,ORD-00030,257.64,completed,duplicate
PAY-06106,ORD-06106,132.03,completed,duplicate
PAY-01330,ORD-01330,378.66,completed,duplicate
PAY-03336,ORD-03336,2306.7,failed,duplicate
